Supplementary SiV reflection and readout
Frequency unit: GHz above 406 THz

Normalization: 101323.23087111 counts/s
[[Model]]
    Model(siv_reflection)
[[Fit Statistics]]
    # fitting method   = leastsq
    # function evals   = 66
    # data points      = 3616
    # variables        = 7
    chi-square         = 0.85349753
    reduced chi-square = 2.3649e-04
    Akaike info crit   = -30185.1554
    Bayesian info crit = -30141.8036
    R-squared          = 0.99792381
[[Variables]]
    amplitude:  0.979(3) (0.33%) (init = 1)
    slope:      0.000034(7) (19.86%) (init = 0)
    eta:        0.5236(7) (0.13%) (init = 0.5)
    kappa:      27.12(3) (0.10%) (init = 40)
    f_cav:      505.597(6) (0.00%) (init = 505)
    f_siv:      525.245(3) (0.00%) (init = 525)
    g:          4.361(8) (0.18%) (init = 3)
    gamma:      0.1088014 (fixed)
[[Correlations]] (unreported correlations are < 0.100)
    C(amplitude, slope) = -0.9921
    C(f_siv, g)         = -0.9227
    C(f_cav, f_siv)     = -0.4968
    C(f_cav, g)         = +0.4661
    C(eta, kappa)       = +0.2922
    C(slope, f_cav)     = +0.1394
    C(amplitude, f_cav) = -0.1384
    C(eta, f_siv)       = +0.1215
    C(eta, g)           = -0.1017

Broad scan: frequency_GHz reflection fitted_reflection included_in_fit
430.00000000 0.97573095 0.96249398 1
430.04000000 0.96191227 0.96246324 1
430.08000000 0.97348822 0.96243246 1
430.12000000 0.95273759 0.96240163 1
430.16000000 0.96265180 0.96237075 1
430.20000000 0.95800514 0.96233982 1
430.24000000 0.95670704 0.96230884 1
430.28000000 0.96805407 0.96227781 1
430.32000000 0.96465015 0.96224673 1
430.36000000 0.95699963 0.96221560 1
430.40000000 0.94440599 0.96218442 1
430.44000000 0.98923231 0.96215320 1
430.48000000 0.96184818 0.96212192 1
430.52000000 0.94094670 0.96209059 1
430.56000000 0.97885939 0.96205921 1
430.60000000 0.93739925 0.96202778 1
430.64000000 0.96042297 0.96199630 1
430.68000000 0.95173965 0.96196477 1
430.72000000 0.95615750 0.96193318 1
430.76000000 0.93012114 0.96190155 1
430.80000000 0.94410747 0.96186987 1
430.84000000 0.95990693 0.96183813 1
430.88000000 0.95860182 0.96180635 1
430.92000000 0.95114004 0.96177451 1
430.96000000 0.95810219 0.96174262 1
431.00000000 0.98563854 0.96171068 1
431.04000000 0.97334752 0.96167869 1
431.08000000 0.96776137 0.96164665 1
431.12000000 0.93980986 0.96161455 1
431.16000000 0.96480476 0.96158240 1
431.20000000 0.96127629 0.96155021 1
431.24000000 0.96259931 0.96151795 1
431.28000000 0.97885911 0.96148565 1
431.32000000 0.96774498 0.96145330 1
431.36000000 0.94058717 0.96142089 1
431.40000000 0.95252598 0.96138843 1
431.44000000 0.97908388 0.96135591 1
431.48000000 0.93517310 0.96132335 1
431.52000000 0.97337155 0.96129073 1
431.56000000 0.94658309 0.96125806 1
431.60000000 0.98025343 0.96122533 1
431.64000000 0.97414641 0.96119256 1
431.68000000 0.95313169 0.96115972 1
431.72000000 0.95740455 0.96112684 1
431.76000000 0.93425674 0.96109390 1
431.80000000 0.94170485 0.96106091 1
431.84000000 0.95035587 0.96102786 1
431.88000000 0.97883387 0.96099476 1
431.92000000 0.96118204 0.96096161 1
431.96000000 0.96528186 0.96092840 1
432.00000000 0.93692692 0.96089514 1
432.04000000 0.96036455 0.96086182 1
432.08000000 0.95612469 0.96082845 1
432.12000000 0.92922414 0.96079503 1
432.16000000 0.97011308 0.96076155 1
432.20000000 0.93498736 0.96072802 1
432.24000000 0.96584227 0.96069443 1
432.28000000 0.93414354 0.96066078 1
432.32000000 0.97503817 0.96062708 1
432.36000000 0.95441150 0.96059333 1
432.40000000 0.95926414 0.96055952 1
432.44000000 0.94927917 0.96052565 1
432.48000000 0.96481807 0.96049173 1
432.52000000 0.98525282 0.96045776 1
432.56000000 0.99032528 0.96042372 1
432.60000000 0.95491183 0.96038964 1
432.64000000 0.93959147 0.96035549 1
432.68000000 0.94899380 0.96032129 1
432.72000000 0.94892863 0.96028703 1
432.76000000 0.95012659 0.96025272 1
432.80000000 0.93410580 0.96021835 1
432.84000000 0.93276556 0.96018393 1
432.88000000 0.94647059 0.96014944 1
432.92000000 0.94212969 0.96011490 1
432.96000000 0.94127454 0.96008031 1
433.00000000 0.95856773 0.96004565 1
433.04000000 0.95540406 0.96001094 1
433.08000000 0.96967538 0.95997617 1
433.12000000 0.94700306 0.95994135 1
433.16000000 0.95687727 0.95990647 1
433.20000000 0.93998139 0.95987152 1
433.24000000 0.94987940 0.95983653 1
433.28000000 0.95872182 0.95980147 1
433.32000000 0.95814390 0.95976635 1
433.36000000 0.94396180 0.95973118 1
433.40000000 0.94384632 0.95969595 1
433.44000000 0.96769956 0.95966066 1
433.48000000 0.94397560 0.95962531 1
433.52000000 0.96379191 0.95958991 1
433.56000000 0.92999951 0.95955444 1
433.60000000 0.94120930 0.95951892 1
433.64000000 0.92370105 0.95948333 1
433.68000000 0.94586196 0.95944769 1
433.72000000 0.95703704 0.95941199 1
433.76000000 0.95391977 0.95937623 1
433.80000000 0.97359851 0.95934041 1
433.84000000 0.93876630 0.95930453 1
433.88000000 0.96028486 0.95926859 1
433.92000000 0.94024364 0.95923258 1
433.96000000 0.95439593 0.95919652 1
434.00000000 0.95542670 0.95916040 1
434.04000000 0.96063813 0.95912422 1
434.08000000 0.94958240 0.95908798 1
434.12000000 0.93204253 0.95905168 1
434.16000000 0.92796300 0.95901532 1
434.20000000 0.94201301 0.95897890 1
434.24000000 0.95994998 0.95894241 1
434.28000000 0.93917413 0.95890587 1
434.32000000 0.93625959 0.95886926 1
434.36000000 0.94404265 0.95883259 1
434.40000000 0.94813252 0.95879586 1
434.44000000 0.94187564 0.95875907 1
434.48000000 0.96318773 0.95872222 1
434.52000000 0.97340402 0.95868530 1
434.56000000 0.95096246 0.95864833 1
434.60000000 0.94458400 0.95861129 1
434.64000000 0.96204987 0.95857419 1
434.68000000 0.96291683 0.95853703 1
434.72000000 0.94458383 0.95849980 1
434.76000000 0.93634887 0.95846251 1
434.80000000 0.92226801 0.95842516 1
434.84000000 0.97358123 0.95838775 1
434.88000000 0.95098545 0.95835027 1
434.92000000 0.93773699 0.95831273 1
434.96000000 0.94024893 0.95827513 1
435.00000000 0.94716801 0.95823746 1
435.04000000 0.94336684 0.95819973 1
435.08000000 0.97434679 0.95816193 1
435.12000000 0.96478158 0.95812408 1
435.16000000 0.92475645 0.95808615 1
435.20000000 0.96657448 0.95804817 1
435.24000000 0.93154177 0.95801012 1
435.28000000 0.96122255 0.95797200 1
435.32000000 0.94806184 0.95793382 1
435.36000000 0.93918943 0.95789558 1
435.40000000 0.94054617 0.95785727 1
435.44000000 0.92789720 0.95781889 1
435.48000000 0.96286464 0.95778045 1
435.52000000 0.94593479 0.95774195 1
435.56000000 0.93816124 0.95770338 1
435.60000000 0.95994610 0.95766474 1
435.64000000 0.96524620 0.95762604 1
435.68000000 0.94929037 0.95758728 1
435.72000000 0.93814520 0.95754844 1
435.76000000 0.95771763 0.95750954 1
435.80000000 0.96518203 0.95747058 1
435.84000000 0.93212108 0.95743155 1
435.88000000 0.96770616 0.95739245 1
435.92000000 0.93747388 0.95735328 1
435.96000000 0.95748800 0.95731405 1
436.00000000 0.95711334 0.95727475 1
436.04000000 0.96030344 0.95723539 1
436.08000000 0.95249938 0.95719595 1
436.12000000 0.92967497 0.95715645 1
436.16000000 0.93867574 0.95711688 1
436.20000000 0.93643313 0.95707725 1
436.24000000 0.93232656 0.95703754 1
436.28000000 0.96013460 0.95699777 1
436.32000000 0.94873103 0.95695793 1
436.36000000 0.95870589 0.95691802 1
436.40000000 0.96237500 0.95687805 1
436.44000000 0.93541122 0.95683800 1
436.48000000 0.94088528 0.95679789 1
436.52000000 0.95319547 0.95675770 1
436.56000000 0.92465373 0.95671745 1
436.60000000 0.93168284 0.95667713 1
436.64000000 0.94368254 0.95663674 1
436.68000000 0.94602758 0.95659628 1
436.72000000 0.92624983 0.95655575 1
436.76000000 0.92481139 0.95651515 1
436.80000000 0.96349160 0.95647448 1
436.84000000 0.96126229 0.95643374 1
436.88000000 0.96387729 0.95639293 1
436.92000000 0.94714855 0.95635205 1
436.96000000 0.93419572 0.95631110 1
437.00000000 0.94868255 0.95627007 1
437.04000000 0.92877286 0.95622898 1
437.08000000 0.95924880 0.95618782 1
437.12000000 0.93617696 0.95614658 1
437.16000000 0.95009133 0.95610528 1
437.20000000 0.95651303 0.95606390 1
437.24000000 0.96061790 0.95602245 1
437.28000000 0.92050797 0.95598093 1
437.32000000 0.96581366 0.95593933 1
437.36000000 0.94033100 0.95589767 1
437.40000000 0.96413601 0.95585593 1
437.44000000 0.95809734 0.95581412 1
437.48000000 0.95064402 0.95577223 1
437.52000000 0.97004191 0.95573028 1
437.56000000 0.96919450 0.95568825 1
437.60000000 0.95704606 0.95564615 1
437.64000000 0.96400221 0.95560397 1
437.68000000 0.96138530 0.95556172 1
437.72000000 0.96233765 0.95551940 1
437.76000000 0.95658761 0.95547700 1
437.80000000 0.94354467 0.95543453 1
437.84000000 0.95805167 0.95539199 1
437.88000000 0.94485162 0.95534937 1
437.92000000 0.91696080 0.95530668 1
437.96000000 0.94348193 0.95526391 1
438.00000000 0.95498132 0.95522107 1
438.04000000 0.94953133 0.95517815 1
438.08000000 0.92983545 0.95513516 1
438.12000000 0.95044909 0.95509209 1
438.16000000 0.95003506 0.95504894 1
438.20000000 0.94698678 0.95500572 1
438.24000000 0.99041341 0.95496243 1
438.28000000 0.95023432 0.95491906 1
438.32000000 0.93235787 0.95487561 1
438.36000000 0.94628214 0.95483209 1
438.40000000 0.94215501 0.95478849 1
438.44000000 0.94173241 0.95474481 1
438.48000000 0.95489210 0.95470106 1
438.52000000 0.93645843 0.95465723 1
438.56000000 0.97708085 0.95461332 1
438.60000000 0.93400722 0.95456934 1
438.64000000 0.92467009 0.95452528 1
438.68000000 0.95938237 0.95448114 1
438.72000000 0.95789979 0.95443692 1
438.76000000 0.95693283 0.95439262 1
438.80000000 0.94873031 0.95434825 1
438.84000000 0.93561074 0.95430380 1
438.88000000 0.96262874 0.95425926 1
438.92000000 0.94862324 0.95421465 1
438.96000000 0.96004462 0.95416997 1
439.00000000 0.95026969 0.95412520 1
439.04000000 0.95135207 0.95408035 1
439.08000000 0.94641773 0.95403543 1
439.12000000 0.95646230 0.95399042 1
439.16000000 0.93392680 0.95394533 1
439.20000000 0.93972588 0.95390017 1
439.24000000 0.95579045 0.95385492 1
439.28000000 0.94499952 0.95380959 1
439.32000000 0.93937694 0.95376419 1
439.36000000 0.92698077 0.95371870 1
439.40000000 0.92868412 0.95367313 1
439.44000000 0.97449620 0.95362748 1
439.48000000 0.94893004 0.95358175 1
439.52000000 0.95790340 0.95353594 1
439.56000000 0.97109962 0.95349004 1
439.60000000 0.97547608 0.95344407 1
439.64000000 0.95485815 0.95339801 1
439.68000000 0.96452236 0.95335187 1
439.72000000 0.96075180 0.95330565 1
439.76000000 0.99654693 0.95325934 1
439.80000000 0.94024822 0.95321295 1
439.84000000 0.95618851 0.95316648 1
439.88000000 0.95771036 0.95311993 1
439.92000000 0.94622749 0.95307329 1
439.96000000 0.95293638 0.95302657 1
440.00000000 0.95135699 0.95297977 1
440.04000000 0.94226227 0.95293288 1
440.08000000 0.93871805 0.95288591 1
440.12000000 0.94043787 0.95283885 1
440.16000000 0.98148405 0.95279171 1
440.20000000 0.95823665 0.95274448 1
440.24000000 0.93801186 0.95269717 1
440.28000000 0.96725990 0.95264977 1
440.32000000 0.95674265 0.95260229 1
440.36000000 0.93126414 0.95255473 1
440.40000000 0.94889298 0.95250707 1
440.44000000 0.97023755 0.95245933 1
440.48000000 0.93524533 0.95241151 1
440.52000000 0.95543989 0.95236360 1
440.56000000 0.95602383 0.95231560 1
440.60000000 0.95695001 0.95226752 1
440.64000000 0.94781303 0.95221935 1
440.68000000 0.95045178 0.95217109 1
440.72000000 0.93894529 0.95212274 1
440.76000000 0.94990270 0.95207431 1
440.80000000 0.96505348 0.95202579 1
440.84000000 0.97765513 0.95197718 1
440.88000000 0.95839292 0.95192849 1
440.92000000 0.96287875 0.95187970 1
440.96000000 0.97044052 0.95183083 1
441.00000000 0.94452915 0.95178187 1
441.04000000 0.95491711 0.95173282 1
441.08000000 0.94515200 0.95168368 1
441.12000000 0.94965044 0.95163445 1
441.16000000 0.95645719 0.95158513 1
441.20000000 0.95993162 0.95153572 1
441.24000000 0.97044187 0.95148622 1
441.28000000 0.96596006 0.95143663 1
441.32000000 0.94398205 0.95138696 1
441.36000000 0.95950401 0.95133719 1
441.40000000 0.95789691 0.95128733 1
441.44000000 0.95994169 0.95123738 1
441.48000000 0.93868093 0.95118733 1
441.52000000 0.97015886 0.95113720 1
441.56000000 0.95784837 0.95108697 1
441.60000000 0.96408624 0.95103666 1
441.64000000 0.94741081 0.95098625 1
441.68000000 0.95184775 0.95093575 1
441.72000000 0.96854807 0.95088515 1
441.76000000 0.95066481 0.95083447 1
441.80000000 0.93234284 0.95078369 1
441.84000000 0.96784279 0.95073281 1
441.88000000 0.95585501 0.95068185 1
441.92000000 0.94929595 0.95063079 1
441.96000000 0.95311138 0.95057963 1
442.00000000 0.95016939 0.95052839 1
442.04000000 0.94939976 0.95047704 1
442.08000000 0.94576630 0.95042561 1
442.12000000 0.96498415 0.95037408 1
442.16000000 0.93730588 0.95032245 1
442.20000000 0.96680631 0.95027073 1
442.24000000 0.95096243 0.95021891 1
442.28000000 0.95898673 0.95016700 1
442.32000000 0.95084435 0.95011499 1
442.36000000 0.97160384 0.95006289 1
442.40000000 0.94881059 0.95001069 1
442.44000000 0.95685924 0.94995839 1
442.48000000 0.96491170 0.94990600 1
442.52000000 0.96109936 0.94985351 1
442.56000000 0.97294347 0.94980092 1
442.60000000 0.96511390 0.94974824 1
442.64000000 0.92728425 0.94969546 1
442.68000000 0.96329140 0.94964257 1
442.72000000 0.95985605 0.94958960 1
442.76000000 0.94539006 0.94953652 1
442.80000000 0.95763045 0.94948334 1
442.84000000 0.96990697 0.94943007 1
442.88000000 0.97120285 0.94937670 1
442.92000000 0.96364973 0.94932322 1
442.96000000 0.93421326 0.94926965 1
443.00000000 0.94505390 0.94921598 1
443.04000000 0.96408639 0.94916221 1
443.08000000 0.95376491 0.94910834 1
443.12000000 0.94677122 0.94905436 1
443.16000000 0.94577397 0.94900029 1
443.20000000 0.94217771 0.94894611 1
443.24000000 0.95735282 0.94889184 1
443.28000000 0.95503934 0.94883746 1
443.32000000 0.97249415 0.94878298 1
443.36000000 0.96976807 0.94872840 1
443.40000000 0.93611558 0.94867372 1
443.44000000 0.96696445 0.94861894 1
443.48000000 0.95287055 0.94856405 1
443.52000000 0.95565008 0.94850906 1
443.56000000 0.97724316 0.94845396 1
443.60000000 0.95214609 0.94839877 1
443.64000000 0.94257417 0.94834346 1
443.68000000 0.96236122 0.94828806 1
443.72000000 0.95308829 0.94823255 1
443.76000000 0.94930354 0.94817694 1
443.80000000 0.98054740 0.94812122 1
443.84000000 0.94363494 0.94806540 1
443.88000000 0.95102711 0.94800947 1
443.92000000 0.95970457 0.94795343 1
443.96000000 0.94078403 0.94789729 1
444.00000000 0.94706189 0.94784105 1
444.04000000 0.93447303 0.94778470 1
444.08000000 0.93959782 0.94772824 1
444.12000000 0.94047816 0.94767168 1
444.16000000 0.94405536 0.94761500 1
444.20000000 0.95656616 0.94755823 1
444.24000000 0.94462746 0.94750134 1
444.28000000 0.96040532 0.94744434 1
444.32000000 0.95439095 0.94738724 1
444.36000000 0.96061336 0.94733003 1
444.40000000 0.93250230 0.94727271 1
444.44000000 0.93754781 0.94721529 1
444.48000000 0.97680026 0.94715775 1
444.52000000 0.94574743 0.94710010 1
444.56000000 0.93130841 0.94704235 1
444.60000000 0.94355520 0.94698448 1
444.64000000 0.92396514 0.94692651 1
444.68000000 0.95307727 0.94686842 1
444.72000000 0.94284136 0.94681022 1
444.76000000 0.96301071 0.94675192 1
444.80000000 0.95446343 0.94669350 1
444.84000000 0.94521208 0.94663497 1
444.88000000 0.93669383 0.94657633 1
444.92000000 0.95611652 0.94651757 1
444.96000000 0.95627537 0.94645871 1
445.00000000 0.94751673 0.94639973 1
445.04000000 0.95430396 0.94634064 1
445.08000000 0.96572714 0.94628143 1
445.12000000 0.94995495 0.94622211 1
445.16000000 0.97048136 0.94616268 1
445.20000000 0.95623035 0.94610313 1
445.24000000 0.93353356 0.94604347 1
445.28000000 0.94075198 0.94598370 1
445.32000000 0.94011424 0.94592381 1
445.36000000 0.97277394 0.94586381 1
445.40000000 0.94084155 0.94580369 1
445.44000000 0.96625993 0.94574345 1
445.48000000 0.92803132 0.94568310 1
445.52000000 0.96241891 0.94562263 1
445.56000000 0.94891654 0.94556205 1
445.60000000 0.93394105 0.94550134 1
445.64000000 0.94734221 0.94544053 1
445.68000000 0.95477784 0.94537959 1
445.72000000 0.92840717 0.94531854 1
445.76000000 0.94745446 0.94525737 1
445.80000000 0.93133464 0.94519608 1
445.84000000 0.95440459 0.94513467 1
445.88000000 0.93093264 0.94507314 1
445.92000000 0.95155360 0.94501149 1
445.96000000 0.94336823 0.94494973 1
446.00000000 0.92560250 0.94488784 1
446.04000000 0.93284059 0.94482584 1
446.08000000 0.94652793 0.94476371 1
446.12000000 0.94550835 0.94470147 1
446.16000000 0.94707990 0.94463910 1
446.20000000 0.96174998 0.94457661 1
446.24000000 0.93143396 0.94451400 1
446.28000000 0.93560879 0.94445127 1
446.32000000 0.94797614 0.94438841 1
446.36000000 0.93403537 0.94432544 1
446.40000000 0.96695511 0.94426234 1
446.44000000 0.95065308 0.94419912 1
446.48000000 0.92186322 0.94413577 1
446.52000000 0.93644316 0.94407230 1
446.56000000 0.95655001 0.94400871 1
446.60000000 0.93603042 0.94394499 1
446.64000000 0.95716525 0.94388115 1
446.68000000 0.94081840 0.94381718 1
446.72000000 0.95621585 0.94375309 1
446.76000000 0.94751413 0.94368887 1
446.80000000 0.93988964 0.94362453 1
446.84000000 0.94199775 0.94356006 1
446.88000000 0.93526467 0.94349546 1
446.92000000 0.95255520 0.94343074 1
446.96000000 0.93926940 0.94336588 1
447.00000000 0.94342274 0.94330091 1
447.04000000 0.94313937 0.94323580 1
447.08000000 0.94911863 0.94317057 1
447.12000000 0.94347790 0.94310520 1
447.16000000 0.93903210 0.94303971 1
447.20000000 0.95143836 0.94297409 1
447.24000000 0.94262459 0.94290834 1
447.28000000 0.94688005 0.94284246 1
447.32000000 0.92378939 0.94277645 1
447.36000000 0.93710820 0.94271031 1
447.40000000 0.94818873 0.94264404 1
447.44000000 0.93724532 0.94257764 1
447.48000000 0.91559158 0.94251111 1
447.52000000 0.94422297 0.94244444 1
447.56000000 0.92956397 0.94237765 1
447.60000000 0.94550059 0.94231072 1
447.64000000 0.94365651 0.94224365 1
447.68000000 0.93503821 0.94217646 1
447.72000000 0.92735447 0.94210913 1
447.76000000 0.92874998 0.94204167 1
447.80000000 0.93428116 0.94197407 1
447.84000000 0.93523481 0.94190634 1
447.88000000 0.94148529 0.94183847 1
447.92000000 0.94878666 0.94177047 1
447.96000000 0.91825602 0.94170234 1
448.00000000 0.94403012 0.94163406 1
448.04000000 0.95247682 0.94156566 1
448.08000000 0.93931133 0.94149711 1
448.12000000 0.92787675 0.94142843 1
448.16000000 0.93529436 0.94135961 1
448.20000000 0.95034808 0.94129065 1
448.24000000 0.95025276 0.94122156 1
448.28000000 0.92338943 0.94115233 1
448.32000000 0.90233450 0.94108295 1
448.36000000 0.93258991 0.94101344 1
448.40000000 0.92346132 0.94094379 1
448.44000000 0.95768685 0.94087400 1
448.48000000 0.93343742 0.94080407 1
448.52000000 0.92038274 0.94073400 1
448.56000000 0.94727800 0.94066379 1
448.60000000 0.94851931 0.94059344 1
448.64000000 0.92469848 0.94052295 1
448.68000000 0.94927242 0.94045231 1
448.72000000 0.93589328 0.94038153 1
448.76000000 0.93332749 0.94031061 1
448.80000000 0.93450720 0.94023955 1
448.84000000 0.92474371 0.94016834 1
448.88000000 0.94674545 0.94009699 1
448.92000000 0.93330171 0.94002550 1
448.96000000 0.93267193 0.93995386 1
449.00000000 0.92487638 0.93988208 1
449.04000000 0.94297284 0.93981015 1
449.08000000 0.94028663 0.93973807 1
449.12000000 0.90855315 0.93966585 1
449.16000000 0.92514024 0.93959348 1
449.20000000 0.95702377 0.93952097 1
449.24000000 0.95577042 0.93944831 1
449.28000000 0.95938684 0.93937550 1
449.32000000 0.93931549 0.93930254 1
449.36000000 0.93363015 0.93922944 1
449.40000000 0.93452590 0.93915619 1
449.44000000 0.94088113 0.93908278 1
449.48000000 0.95442944 0.93900923 1
449.52000000 0.93939268 0.93893553 1
449.56000000 0.92034315 0.93886168 1
449.60000000 0.94747354 0.93878767 1
449.64000000 0.93828841 0.93871352 1
449.68000000 0.93738707 0.93863922 1
449.72000000 0.93560918 0.93856476 1
449.76000000 0.91266100 0.93849015 1
449.80000000 0.92877348 0.93841539 1
449.84000000 0.93388545 0.93834047 1
449.88000000 0.95442058 0.93826540 1
449.92000000 0.93037733 0.93819018 1
449.96000000 0.94462227 0.93811481 1
450.00000000 0.95027211 0.93803927 1
450.04000000 0.93959765 0.93796359 1
450.08000000 0.92990733 0.93788775 1
450.12000000 0.95482284 0.93781175 1
450.16000000 0.92653008 0.93773560 1
450.20000000 0.93283772 0.93765929 1
450.24000000 0.93408040 0.93758282 1
450.28000000 0.91992321 0.93750619 1
450.32000000 0.93130340 0.93742941 1
450.36000000 0.94148645 0.93735247 1
450.40000000 0.93722691 0.93727537 1
450.44000000 0.94328417 0.93719811 1
450.48000000 0.94978722 0.93712069 1
450.52000000 0.93808885 0.93704311 1
450.56000000 0.93003790 0.93696537 1
450.60000000 0.92992493 0.93688747 1
450.64000000 0.95836828 0.93680941 1
450.68000000 0.94109965 0.93673119 1
450.72000000 0.94157283 0.93665280 1
450.76000000 0.94703289 0.93657425 1
450.80000000 0.94126275 0.93649554 1
450.84000000 0.91413268 0.93641667 1
450.88000000 0.95054814 0.93633763 1
450.92000000 0.95244462 0.93625842 1
450.96000000 0.91745721 0.93617906 1
451.00000000 0.92716936 0.93609952 1
451.04000000 0.93090373 0.93601983 1
451.08000000 0.92396161 0.93593996 1
451.12000000 0.94687452 0.93585993 1
451.16000000 0.95644589 0.93577973 1
451.20000000 0.92907840 0.93569936 1
451.24000000 0.92360272 0.93561883 1
451.28000000 0.94137003 0.93553813 1
451.32000000 0.94589091 0.93545726 1
451.36000000 0.92155939 0.93537622 1
451.40000000 0.90281512 0.93529501 1
451.44000000 0.94079418 0.93521363 1
451.48000000 0.94880260 0.93513208 1
451.52000000 0.92809171 0.93505035 1
451.56000000 0.93020279 0.93496846 1
451.60000000 0.91923035 0.93488639 1
451.64000000 0.93113399 0.93480416 1
451.68000000 0.93973072 0.93472174 1
451.72000000 0.93881919 0.93463916 1
451.76000000 0.92360735 0.93455640 1
451.80000000 0.94875256 0.93447347 1
451.84000000 0.94716443 0.93439036 1
451.88000000 0.91069437 0.93430708 1
451.92000000 0.95658951 0.93422362 1
451.96000000 0.94249983 0.93413998 1
452.00000000 0.93090638 0.93405617 1
452.04000000 0.94313734 0.93397218 1
452.08000000 0.94279954 0.93388802 1
452.12000000 0.94669921 0.93380367 1
452.16000000 0.91803018 0.93371915 1
452.20000000 0.94618057 0.93363445 1
452.24000000 0.94284719 0.93354956 1
452.28000000 0.94826557 0.93346450 1
452.32000000 0.92511851 0.93337926 1
452.36000000 0.93899971 0.93329383 1
452.40000000 0.93506626 0.93320823 1
452.44000000 0.94584343 0.93312244 1
452.48000000 0.95192377 0.93303647 1
452.52000000 0.93957728 0.93295032 1
452.56000000 0.92983998 0.93286398 1
452.60000000 0.95853283 0.93277746 1
452.64000000 0.95041600 0.93269075 1
452.68000000 0.95878424 0.93260386 1
452.72000000 0.95070648 0.93251678 1
452.76000000 0.93480364 0.93242952 1
452.80000000 0.92836488 0.93234207 1
452.84000000 0.94293558 0.93225443 1
452.88000000 0.94078471 0.93216661 1
452.92000000 0.91174331 0.93207860 1
452.96000000 0.93840867 0.93199039 1
453.00000000 0.95015392 0.93190200 1
453.04000000 0.96197396 0.93181342 1
453.08000000 0.94492764 0.93172465 1
453.12000000 0.94965723 0.93163569 1
453.16000000 0.94933907 0.93154654 1
453.20000000 0.92765158 0.93145719 1
453.24000000 0.92637487 0.93136766 1
453.28000000 0.92897335 0.93127793 1
453.32000000 0.94866108 0.93118800 1
453.36000000 0.93867472 0.93109789 1
453.40000000 0.95586869 0.93100757 1
453.44000000 0.92950336 0.93091707 1
453.48000000 0.95007585 0.93082636 1
453.52000000 0.94115356 0.93073546 1
453.56000000 0.96737451 0.93064437 1
453.60000000 0.93971935 0.93055308 1
453.64000000 0.95373623 0.93046159 1
453.68000000 0.96011664 0.93036990 1
453.72000000 0.92533446 0.93027801 1
453.76000000 0.93673205 0.93018592 1
453.80000000 0.94618574 0.93009363 1
453.84000000 0.93241001 0.93000115 1
453.88000000 0.92487935 0.92990846 1
453.92000000 0.95828013 0.92981557 1
453.96000000 0.92394203 0.92972247 1
454.00000000 0.93948176 0.92962918 1
454.04000000 0.96407879 0.92953568 1
454.08000000 0.92587132 0.92944197 1
454.12000000 0.93509141 0.92934807 1
454.16000000 0.95316075 0.92925395 1
454.20000000 0.92524209 0.92915964 1
454.24000000 0.94076563 0.92906511 1
454.28000000 0.94441605 0.92897038 1
454.32000000 0.92303846 0.92887544 1
454.36000000 0.94389854 0.92878029 1
454.40000000 0.93963556 0.92868494 1
454.44000000 0.91679529 0.92858937 1
454.48000000 0.92939663 0.92849360 1
454.52000000 0.92834078 0.92839761 1
454.56000000 0.93481708 0.92830142 1
454.60000000 0.93438144 0.92820501 1
454.64000000 0.95724461 0.92810839 1
454.68000000 0.96099475 0.92801156 1
454.72000000 0.95458682 0.92791451 1
454.76000000 0.94384196 0.92781725 1
454.80000000 0.93059427 0.92771978 1
454.84000000 0.93316510 0.92762209 1
454.88000000 0.91032431 0.92752418 1
454.92000000 0.93870655 0.92742606 1
454.96000000 0.92965203 0.92732772 1
455.00000000 0.94907617 0.92722917 1
455.04000000 0.93595647 0.92713039 1
455.08000000 0.93128645 0.92703140 1
455.12000000 0.94257025 0.92693219 1
455.16000000 0.96132291 0.92683275 1
455.20000000 0.94227306 0.92673310 1
455.24000000 0.93066216 0.92663322 1
455.28000000 0.94231896 0.92653313 1
455.32000000 0.92586485 0.92643281 1
455.36000000 0.91831312 0.92633226 1
455.40000000 0.97809278 0.92623150 1
455.44000000 0.98061486 0.92613051 1
455.48000000 0.92634819 0.92602929 1
455.52000000 0.89978190 0.92592785 1
455.56000000 0.95461247 0.92582618 1
455.60000000 0.92405093 0.92572428 1
455.64000000 0.95429594 0.92562216 1
455.68000000 0.94966490 0.92551981 1
455.72000000 0.92612107 0.92541722 1
455.76000000 0.93564330 0.92531441 1
455.80000000 0.93576575 0.92521137 1
455.84000000 0.93786766 0.92510810 1
455.88000000 0.92726934 0.92500460 1
455.92000000 0.92315339 0.92490086 1
455.96000000 0.92334106 0.92479689 1
456.00000000 0.95590932 0.92469269 1
456.04000000 0.93124761 0.92458825 1
456.08000000 0.95794064 0.92448357 1
456.12000000 0.95831641 0.92437867 1
456.16000000 0.93164049 0.92427352 1
456.20000000 0.92630795 0.92416814 1
456.24000000 0.94438884 0.92406252 1
456.28000000 0.95129030 0.92395666 1
456.32000000 0.93830833 0.92385056 1
456.36000000 0.90747797 0.92374422 1
456.40000000 0.91678245 0.92363764 1
456.44000000 0.92258612 0.92353082 1
456.48000000 0.91659274 0.92342376 1
456.52000000 0.93754167 0.92331646 1
456.56000000 0.91832440 0.92320891 1
456.60000000 0.93708521 0.92310112 1
456.64000000 0.91491552 0.92299308 1
456.68000000 0.91896593 0.92288480 1
456.72000000 0.91546642 0.92277627 1
456.76000000 0.94895432 0.92266749 1
456.80000000 0.93323163 0.92255847 1
456.84000000 0.94227121 0.92244920 1
456.88000000 0.95604643 0.92233968 1
456.92000000 0.92448588 0.92222991 1
456.96000000 0.91140061 0.92211989 1
457.00000000 0.91075330 0.92200961 1
457.04000000 0.93326711 0.92189909 1
457.08000000 0.94944142 0.92178831 1
457.12000000 0.95592080 0.92167728 1
457.16000000 0.92690592 0.92156599 1
457.20000000 0.95104191 0.92145445 1
457.24000000 0.94421155 0.92134266 1
457.28000000 0.91331965 0.92123060 1
457.32000000 0.92383228 0.92111829 1
457.36000000 0.94130023 0.92100572 1
457.40000000 0.91773773 0.92089290 1
457.44000000 0.93428737 0.92077981 1
457.48000000 0.91109464 0.92066646 1
457.52000000 0.91512754 0.92055286 1
457.56000000 0.90767595 0.92043898 1
457.60000000 0.92745126 0.92032485 1
457.64000000 0.90040734 0.92021046 1
457.68000000 0.92530335 0.92009579 1
457.72000000 0.95503833 0.91998087 1
457.76000000 0.90115385 0.91986568 1
457.80000000 0.90873494 0.91975022 1
457.84000000 0.95147726 0.91963449 1
457.88000000 0.91563805 0.91951850 1
457.92000000 0.91962863 0.91940224 1
457.96000000 0.91506688 0.91928571 1
458.00000000 0.93286297 0.91916890 1
458.04000000 0.92853803 0.91905183 1
458.08000000 0.91859342 0.91893448 1
458.12000000 0.91812508 0.91881686 1
458.16000000 0.90471394 0.91869897 1
458.20000000 0.95751896 0.91858080 1
458.24000000 0.92768741 0.91846236 1
458.28000000 0.92487858 0.91834364 1
458.32000000 0.93647795 0.91822464 1
458.36000000 0.90715526 0.91810536 1
458.40000000 0.88334662 0.91798581 1
458.44000000 0.93498124 0.91786598 1
458.48000000 0.90629431 0.91774586 1
458.52000000 0.89939818 0.91762547 1
458.56000000 0.92225600 0.91750479 1
458.60000000 0.90420777 0.91738383 1
458.64000000 0.89857386 0.91726259 1
458.68000000 0.93341257 0.91714106 1
458.72000000 0.91871903 0.91701924 1
458.76000000 0.91875315 0.91689714 1
458.80000000 0.91706743 0.91677476 1
458.84000000 0.92112092 0.91665208 1
458.88000000 0.90592472 0.91652912 1
458.92000000 0.92734029 0.91640586 1
458.96000000 0.90590071 0.91628231 1
459.00000000 0.88225410 0.91615848 1
459.04000000 0.91291199 0.91603435 1
459.08000000 0.91177484 0.91590992 1
459.12000000 0.91128576 0.91578521 1
459.16000000 0.93552748 0.91566019 1
459.20000000 0.89824965 0.91553489 1
459.24000000 0.90444873 0.91540928 1
459.28000000 0.92451285 0.91528338 1
459.32000000 0.87850777 0.91515717 1
459.36000000 0.93346161 0.91503067 1
459.40000000 0.90427670 0.91490387 1
459.44000000 0.90110789 0.91477677 1
459.48000000 0.90529343 0.91464936 1
459.52000000 0.93368511 0.91452165 1
459.56000000 0.91659293 0.91439364 1
459.60000000 0.91419307 0.91426532 1
459.64000000 0.88993528 0.91413669 1
459.68000000 0.89897356 0.91400776 1
459.72000000 0.91293565 0.91387852 1
459.76000000 0.92518893 0.91374897 1
459.80000000 0.91712644 0.91361911 1
459.84000000 0.92410386 0.91348894 1
459.88000000 0.93236189 0.91335846 1
459.92000000 0.90198653 0.91322766 1
459.96000000 0.87485778 0.91309655 1
460.00000000 0.89860297 0.91296513 1
460.04000000 0.90904034 0.91283339 1
460.08000000 0.93197743 0.91270133 1
460.12000000 0.90223741 0.91256896 1
460.16000000 0.88988136 0.91243627 1
460.20000000 0.92927554 0.91230326 1
460.24000000 0.90145048 0.91216993 1
460.28000000 0.91227964 0.91203627 1
460.32000000 0.91220013 0.91190230 1
460.36000000 0.92259492 0.91176800 1
460.40000000 0.92029776 0.91163337 1
460.44000000 0.91029119 0.91149842 1
460.48000000 0.90410885 0.91136315 1
460.52000000 0.90666346 0.91122754 1
460.56000000 0.91782111 0.91109161 1
460.60000000 0.90210492 0.91095535 1
460.64000000 0.91625443 0.91081876 1
460.68000000 0.92709104 0.91068183 1
460.72000000 0.89528369 0.91054458 1
460.76000000 0.89191367 0.91040699 1
460.80000000 0.88891876 0.91026906 1
460.84000000 0.90719813 0.91013080 1
460.88000000 0.87799813 0.90999220 1
460.92000000 0.93794893 0.90985327 1
460.96000000 0.88049146 0.90971399 1
461.00000000 0.91235502 0.90957438 1
461.04000000 0.93085738 0.90943443 1
461.08000000 0.88201630 0.90929413 1
461.12000000 0.89906144 0.90915349 1
461.16000000 0.91089987 0.90901250 1
461.20000000 0.89966458 0.90887117 1
461.24000000 0.89353873 0.90872950 1
461.28000000 0.90132066 0.90858747 1
461.32000000 0.90792605 0.90844510 1
461.36000000 0.90116143 0.90830238 1
461.40000000 0.88780814 0.90815930 1
461.44000000 0.92483986 0.90801588 1
461.48000000 0.87412585 0.90787210 1
461.52000000 0.90386084 0.90772797 1
461.56000000 0.88548949 0.90758348 1
461.60000000 0.90493206 0.90743864 1
461.64000000 0.90137486 0.90729344 1
461.68000000 0.90235137 0.90714788 1
461.72000000 0.88095933 0.90700196 1
461.76000000 0.88817794 0.90685568 1
461.80000000 0.90999552 0.90670904 1
461.84000000 0.90301700 0.90656203 1
461.88000000 0.89299409 0.90641466 1
461.92000000 0.88650142 0.90626693 1
461.96000000 0.89498158 0.90611882 1
462.00000000 0.90725770 0.90597036 1
462.04000000 0.91438791 0.90582152 1
462.08000000 0.90523528 0.90567231 1
462.12000000 0.91855322 0.90552273 1
462.16000000 0.89155344 0.90537278 1
462.20000000 0.89364796 0.90522245 1
462.24000000 0.90298134 0.90507175 1
462.28000000 0.91473249 0.90492067 1
462.32000000 0.89912083 0.90476922 1
462.36000000 0.88822003 0.90461739 1
462.40000000 0.88749778 0.90446518 1
462.44000000 0.89880948 0.90431258 1
462.48000000 0.89998360 0.90415961 1
462.52000000 0.00000000 0.90400625 0
462.56000000 0.87434168 0.90385251 1
462.60000000 0.91482629 0.90369838 1
462.64000000 0.89669011 0.90354387 1
462.68000000 0.89190467 0.90338896 1
462.72000000 0.90232250 0.90323367 1
462.76000000 0.90573315 0.90307799 1
462.80000000 0.90437383 0.90292191 1
462.84000000 0.92721125 0.90276544 1
462.88000000 0.90747953 0.90260858 1
462.92000000 0.90429276 0.90245132 1
462.96000000 0.88522515 0.90229367 1
463.00000000 0.88080991 0.90213561 1
463.04000000 0.88615994 0.90197716 1
463.08000000 0.90374172 0.90181830 1
463.12000000 0.91557889 0.90165905 1
463.16000000 0.90656821 0.90149939 1
463.20000000 0.91856808 0.90133932 1
463.24000000 0.88513717 0.90117885 1
463.28000000 0.89731602 0.90101797 1
463.32000000 0.89658146 0.90085669 1
463.36000000 0.91482880 0.90069499 1
463.40000000 0.89151000 0.90053288 1
463.44000000 0.90604890 0.90037036 1
463.48000000 0.90426827 0.90020742 1
463.52000000 0.89701702 0.90004407 1
463.56000000 0.91429635 0.89988031 1
463.60000000 0.91447455 0.89971612 1
463.64000000 0.91874669 0.89955152 1
463.68000000 0.91395743 0.89938649 1
463.72000000 0.90582356 0.89922104 1
463.76000000 0.87791623 0.89905517 1
463.80000000 0.92326856 0.89888888 1
463.84000000 0.88952666 0.89872215 1
463.88000000 0.91885168 0.89855500 1
463.92000000 0.88089921 0.89838742 1
463.96000000 0.90085600 0.89821941 1
464.00000000 0.89768602 0.89805097 1
464.04000000 0.89369923 0.89788210 1
464.08000000 0.90700826 0.89771279 1
464.12000000 0.91473714 0.89754304 1
464.16000000 0.90517218 0.89737286 1
464.20000000 0.89339844 0.89720223 1
464.24000000 0.91012040 0.89703117 1
464.28000000 0.89434921 0.89685966 1
464.32000000 0.90530281 0.89668772 1
464.36000000 0.89636523 0.89651532 1
464.40000000 0.90859114 0.89634248 1
464.44000000 0.92529481 0.89616919 1
464.48000000 0.90854984 0.89599546 1
464.52000000 0.91921152 0.89582127 1
464.56000000 0.88998791 0.89564663 1
464.60000000 0.90700824 0.89547154 1
464.64000000 0.90730395 0.89529599 1
464.68000000 0.89649533 0.89511998 1
464.72000000 0.89363793 0.89494352 1
464.76000000 0.90493560 0.89476659 1
464.80000000 0.90431799 0.89458921 1
464.84000000 0.90642207 0.89441136 1
464.88000000 0.00000000 0.89423305 0
464.92000000 0.91092165 0.89405427 1
464.96000000 0.90627191 0.89387503 1
465.00000000 0.88028216 0.89369531 1
465.04000000 0.88461769 0.89351513 1
465.08000000 0.90101226 0.89333447 1
465.12000000 0.89870005 0.89315334 1
465.16000000 0.90607432 0.89297173 1
465.20000000 0.88278721 0.89278965 1
465.24000000 0.89967320 0.89260709 1
465.28000000 0.90708125 0.89242404 1
465.32000000 0.89166394 0.89224052 1
465.36000000 0.92477994 0.89205651 1
465.40000000 0.89216488 0.89187202 1
465.44000000 0.88822818 0.89168704 1
465.48000000 0.89039619 0.89150158 1
465.52000000 0.89760571 0.89131562 1
465.56000000 0.90311806 0.89112917 1
465.60000000 0.88353813 0.89094223 1
465.64000000 0.88874756 0.89075480 1
465.68000000 0.90286281 0.89056687 1
465.72000000 0.89063312 0.89037844 1
465.76000000 0.88086934 0.89018951 1
465.80000000 0.89816284 0.89000008 1
465.84000000 0.90472097 0.88981014 1
465.88000000 0.90429725 0.88961970 1
465.92000000 0.91204398 0.88942876 1
465.96000000 0.88845525 0.88923730 1
466.00000000 0.91803545 0.88904534 1
466.04000000 0.90361546 0.88885287 1
466.08000000 0.90900184 0.88865988 1
466.12000000 0.90935813 0.88846637 1
466.16000000 0.89254740 0.88827235 1
466.20000000 0.91642500 0.88807781 1
466.24000000 0.88499042 0.88788275 1
466.28000000 0.89660545 0.88768717 1
466.32000000 0.90755956 0.88749107 1
466.36000000 0.87988212 0.88729443 1
466.40000000 0.91058956 0.88709728 1
466.44000000 0.87363821 0.88689959 1
466.48000000 0.87838875 0.88670137 1
466.52000000 0.90663073 0.88650262 1
466.56000000 0.89963704 0.88630333 1
466.60000000 0.89087424 0.88610351 1
466.64000000 0.89248192 0.88590314 1
466.68000000 0.86457425 0.88570224 1
466.72000000 0.87795934 0.88550080 1
466.76000000 0.90299933 0.88529881 1
466.80000000 0.89968332 0.88509628 1
466.84000000 0.88400978 0.88489319 1
466.88000000 0.90187257 0.88468956 1
466.92000000 0.88687555 0.88448538 1
466.96000000 0.89081879 0.88428064 1
467.00000000 0.92368380 0.88407535 1
467.04000000 0.87877854 0.88386951 1
467.08000000 0.89820282 0.88366310 1
467.12000000 0.89494063 0.88345613 1
467.16000000 0.89813191 0.88324860 1
467.20000000 0.89178034 0.88304050 1
467.24000000 0.89543260 0.88283184 1
467.28000000 0.89644645 0.88262261 1
467.32000000 0.89089837 0.88241281 1
467.36000000 0.89264435 0.88220244 1
467.40000000 0.90429786 0.88199149 1
467.44000000 0.88114898 0.88177996 1
467.48000000 0.88504010 0.88156786 1
467.52000000 0.88479696 0.88135517 1
467.56000000 0.89447769 0.88114191 1
467.60000000 0.89250952 0.88092805 1
467.64000000 0.89968194 0.88071361 1
467.68000000 0.88644728 0.88049859 1
467.72000000 0.88035493 0.88028297 1
467.76000000 0.89160952 0.88006676 1
467.80000000 0.87971420 0.87984995 1
467.84000000 0.87138397 0.87963255 1
467.88000000 0.88686628 0.87941455 1
467.92000000 0.88970098 0.87919595 1
467.96000000 0.90713282 0.87897674 1
468.00000000 0.89285587 0.87875693 1
468.04000000 0.87907215 0.87853651 1
468.08000000 0.88398171 0.87831549 1
468.12000000 0.86068607 0.87809385 1
468.16000000 0.89692656 0.87787159 1
468.20000000 0.88751389 0.87764872 1
468.24000000 0.87704018 0.87742524 1
468.28000000 0.89118612 0.87720113 1
468.32000000 0.87844695 0.87697640 1
468.36000000 0.88574803 0.87675105 1
468.40000000 0.87190500 0.87652507 1
468.44000000 0.89388468 0.87629846 1
468.48000000 0.90689416 0.87607122 1
468.52000000 0.88702716 0.87584334 1
468.56000000 0.89076408 0.87561483 1
468.60000000 0.89194983 0.87538568 1
468.64000000 0.89027378 0.87515590 1
468.68000000 0.87454153 0.87492547 1
468.72000000 0.90123261 0.87469439 1
468.76000000 0.86262701 0.87446267 1
468.80000000 0.89702474 0.87423030 1
468.84000000 0.87442537 0.87399728 1
468.88000000 0.86717097 0.87376360 1
468.92000000 0.87875850 0.87352927 1
468.96000000 0.88527199 0.87329428 1
469.00000000 0.87577957 0.87305863 1
469.04000000 0.88033004 0.87282231 1
469.08000000 0.89850043 0.87258533 1
469.12000000 0.89152175 0.87234769 1
469.16000000 0.87923075 0.87210937 1
469.20000000 0.86583130 0.87187038 1
469.24000000 0.87811153 0.87163071 1
469.28000000 0.88193899 0.87139037 1
469.32000000 0.87542773 0.87114935 1
469.36000000 0.87721098 0.87090765 1
469.40000000 0.86143582 0.87066526 1
469.44000000 0.86020201 0.87042218 1
469.48000000 0.86699601 0.87017842 1
469.52000000 0.90237496 0.86993396 1
469.56000000 0.86429779 0.86968881 1
469.60000000 0.87506415 0.86944296 1
469.64000000 0.87858901 0.86919641 1
469.68000000 0.86163217 0.86894916 1
469.72000000 0.88800376 0.86870121 1
469.76000000 0.88448846 0.86845255 1
469.80000000 0.87917955 0.86820318 1
469.84000000 0.85993840 0.86795310 1
469.88000000 0.85425482 0.86770230 1
469.92000000 0.87796658 0.86745079 1
469.96000000 0.87400353 0.86719856 1
470.00000000 0.86588348 0.86694560 1
470.04000000 0.84161058 0.86669192 1
470.08000000 0.85578751 0.86643751 1
470.12000000 0.84767275 0.86618238 1
470.16000000 0.87652364 0.86592651 1
470.20000000 0.85354547 0.86566990 1
470.24000000 0.87813020 0.86541256 1
470.28000000 0.86358898 0.86515448 1
470.32000000 0.87035853 0.86489565 1
470.36000000 0.85053032 0.86463607 1
470.40000000 0.87198673 0.86437575 1
470.44000000 0.87351885 0.86411468 1
470.48000000 0.85082337 0.86385285 1
470.52000000 0.86052434 0.86359027 1
470.56000000 0.86112123 0.86332693 1
470.60000000 0.85525333 0.86306282 1
470.64000000 0.86257670 0.86279795 1
470.68000000 0.83963865 0.86253231 1
470.72000000 0.86389882 0.86226590 1
470.76000000 0.85077111 0.86199872 1
470.80000000 0.85582170 0.86173076 1
470.84000000 0.85275805 0.86146202 1
470.88000000 0.83284755 0.86119250 1
470.92000000 0.84979651 0.86092219 1
470.96000000 0.87137935 0.86065110 1
471.00000000 0.83550594 0.86037922 1
471.04000000 0.86020257 0.86010654 1
471.08000000 0.86381847 0.85983307 1
471.12000000 0.84511108 0.85955880 1
471.16000000 0.85632647 0.85928372 1
471.20000000 0.86752471 0.85900785 1
471.24000000 0.84548104 0.85873116 1
471.28000000 0.87236743 0.85845366 1
471.32000000 0.86064047 0.85817535 1
471.36000000 0.85084518 0.85789622 1
471.40000000 0.87396655 0.85761627 1
471.44000000 0.83193148 0.85733550 1
471.48000000 0.85041378 0.85705390 1
471.52000000 0.84648598 0.85677148 1
471.56000000 0.84842176 0.85648822 1
471.60000000 0.86372054 0.85620413 1
471.64000000 0.83268641 0.85591920 1
471.68000000 0.87446037 0.85563342 1
471.72000000 0.86876687 0.85534681 1
471.76000000 0.86697360 0.85505934 1
471.80000000 0.85163802 0.85477103 1
471.84000000 0.83627662 0.85448186 1
471.88000000 0.84891430 0.85419183 1
471.92000000 0.83178335 0.85390095 1
471.96000000 0.85328075 0.85360920 1
472.00000000 0.85183759 0.85331659 1
472.04000000 0.85478205 0.85302310 1
472.08000000 0.85562367 0.85272875 1
472.12000000 0.85598229 0.85243351 1
472.16000000 0.84859572 0.85213740 1
472.20000000 0.84499507 0.85184041 1
472.24000000 0.82904084 0.85154253 1
472.28000000 0.84281989 0.85124376 1
472.32000000 0.86055701 0.85094410 1
472.36000000 0.82580229 0.85064354 1
472.40000000 0.82838911 0.85034208 1
472.44000000 0.83747300 0.85003972 1
472.48000000 0.83442066 0.84973646 1
472.52000000 0.85610143 0.84943229 1
472.56000000 0.85498697 0.84912720 1
472.60000000 0.84295293 0.84882120 1
472.64000000 0.82980607 0.84851428 1
472.68000000 0.84313588 0.84820644 1
472.72000000 0.84394498 0.84789767 1
472.76000000 0.84263157 0.84758797 1
472.80000000 0.83677243 0.84727733 1
472.84000000 0.85866316 0.84696577 1
472.88000000 0.83853505 0.84665326 1
472.92000000 0.84018873 0.84633980 1
472.96000000 0.85700191 0.84602540 1
473.00000000 0.84744601 0.84571005 1
473.04000000 0.83697586 0.84539375 1
473.08000000 0.85283026 0.84507649 1
473.12000000 0.84884472 0.84475826 1
473.16000000 0.82683357 0.84443907 1
473.20000000 0.84795075 0.84411892 1
473.24000000 0.83471425 0.84379779 1
473.28000000 0.83398286 0.84347568 1
473.32000000 0.84540478 0.84315260 1
473.36000000 0.82020462 0.84282853 1
473.40000000 0.85141194 0.84250347 1
473.44000000 0.82965259 0.84217743 1
473.48000000 0.83832324 0.84185039 1
473.52000000 0.83534474 0.84152235 1
473.56000000 0.84635238 0.84119331 1
473.60000000 0.83575379 0.84086326 1
473.64000000 0.82465404 0.84053221 1
473.68000000 0.84339445 0.84020014 1
473.72000000 0.85718698 0.83986705 1
473.76000000 0.84319661 0.83953294 1
473.80000000 0.84192870 0.83919781 1
473.84000000 0.83170059 0.83886165 1
473.88000000 0.82798983 0.83852446 1
473.92000000 0.82417474 0.83818623 1
473.96000000 0.82812189 0.83784695 1
474.00000000 0.83051478 0.83750664 1
474.04000000 0.83733620 0.83716528 1
474.08000000 0.82250831 0.83682286 1
474.12000000 0.82011136 0.83647939 1
474.16000000 0.83355277 0.83613485 1
474.20000000 0.82440879 0.83578926 1
474.24000000 0.82251619 0.83544259 1
474.28000000 0.83305588 0.83509485 1
474.32000000 0.85094697 0.83474604 1
474.36000000 0.84539745 0.83439614 1
474.40000000 0.84182368 0.83404516 1
474.44000000 0.82263279 0.83369309 1
474.48000000 0.83133953 0.83333993 1
474.52000000 0.83023903 0.83298567 1
474.56000000 0.81253737 0.83263031 1
474.60000000 0.82923148 0.83227384 1
474.64000000 0.81484879 0.83191626 1
474.68000000 0.83658362 0.83155757 1
474.72000000 0.82673833 0.83119776 1
474.76000000 0.82042059 0.83083683 1
474.80000000 0.81886718 0.83047477 1
474.84000000 0.81063010 0.83011158 1
474.88000000 0.84690257 0.82974725 1
474.92000000 0.83280827 0.82938178 1
474.96000000 0.81518066 0.82901517 1
475.00000000 0.85200915 0.82864741 1
475.04000000 0.84640934 0.82827850 1
475.08000000 0.82182468 0.82790843 1
475.12000000 0.83128927 0.82753720 1
475.16000000 0.82571667 0.82716480 1
475.20000000 0.82070992 0.82679123 1
475.24000000 0.82152373 0.82641648 1
475.28000000 0.82048764 0.82604055 1
475.32000000 0.80858796 0.82566344 1
475.36000000 0.81626074 0.82528514 1
475.40000000 0.81710826 0.82490565 1
475.44000000 0.82777634 0.82452496 1
475.48000000 0.81489171 0.82414306 1
475.52000000 0.80080488 0.82375996 1
475.56000000 0.84534036 0.82337564 1
475.60000000 0.82584393 0.82299011 1
475.64000000 0.82353287 0.82260336 1
475.68000000 0.83037303 0.82221538 1
475.72000000 0.82164799 0.82182616 1
475.76000000 0.82273496 0.82143572 1
475.80000000 0.81854112 0.82104403 1
475.84000000 0.81618797 0.82065110 1
475.88000000 0.82687210 0.82025691 1
475.92000000 0.81773639 0.81986147 1
475.96000000 0.80868629 0.81946477 1
476.00000000 0.82613833 0.81906681 1
476.04000000 0.82838977 0.81866758 1
476.08000000 0.80399182 0.81826707 1
476.12000000 0.82592863 0.81786528 1
476.16000000 0.82401189 0.81746221 1
476.20000000 0.82454500 0.81705784 1
476.24000000 0.82434066 0.81665219 1
476.28000000 0.83163455 0.81624523 1
476.32000000 0.79985180 0.81583697 1
476.36000000 0.82130915 0.81542739 1
476.40000000 0.83280949 0.81501651 1
476.44000000 0.83304364 0.81460430 1
476.48000000 0.83506997 0.81419077 1
476.52000000 0.82095181 0.81377591 1
476.56000000 0.80514207 0.81335971 1
476.60000000 0.80350101 0.81294217 1
476.64000000 0.81108591 0.81252329 1
476.68000000 0.79417077 0.81210305 1
476.72000000 0.79967236 0.81168146 1
476.76000000 0.79359459 0.81125851 1
476.80000000 0.80564284 0.81083418 1
476.84000000 0.78952628 0.81040849 1
476.88000000 0.82958432 0.80998142 1
476.92000000 0.80429262 0.80955297 1
476.96000000 0.79627365 0.80912312 1
477.00000000 0.80104263 0.80869188 1
477.04000000 0.79780380 0.80825925 1
477.08000000 0.80232497 0.80782521 1
477.12000000 0.81905211 0.80738975 1
477.16000000 0.81086908 0.80695289 1
477.20000000 0.78705675 0.80651460 1
477.24000000 0.81428626 0.80607488 1
477.28000000 0.79787435 0.80563373 1
477.32000000 0.81119584 0.80519114 1
477.36000000 0.81164221 0.80474711 1
477.40000000 0.79513392 0.80430163 1
477.44000000 0.80500452 0.80385469 1
477.48000000 0.81117775 0.80340630 1
477.52000000 0.00000000 0.80295643 0
477.56000000 0.80300494 0.80250509 1
477.60000000 0.81934937 0.80205228 1
477.64000000 0.78017054 0.80159798 1
477.68000000 0.80502137 0.80114219 1
477.72000000 0.79062973 0.80068491 1
477.76000000 0.81490372 0.80022612 1
477.80000000 0.80391657 0.79976582 1
477.84000000 0.80130560 0.79930402 1
477.88000000 0.80445260 0.79884069 1
477.92000000 0.79634561 0.79837584 1
477.96000000 0.79300755 0.79790945 1
478.00000000 0.80278633 0.79744153 1
478.04000000 0.82520311 0.79697206 1
478.08000000 0.79224159 0.79650105 1
478.12000000 0.81754369 0.79602848 1
478.16000000 0.77259560 0.79555435 1
478.20000000 0.80379344 0.79507865 1
478.24000000 0.79134580 0.79460137 1
478.28000000 0.81275767 0.79412252 1
478.32000000 0.79825002 0.79364207 1
478.36000000 0.78369841 0.79316004 1
478.40000000 0.81456758 0.79267640 1
478.44000000 0.81854439 0.79219116 1
478.48000000 0.78619043 0.79170431 1
478.52000000 0.79677912 0.79121584 1
478.56000000 0.79676270 0.79072575 1
478.60000000 0.81817055 0.79023402 1
478.64000000 0.80808893 0.78974066 1
478.68000000 0.77762326 0.78924566 1
478.72000000 0.79558221 0.78874900 1
478.76000000 0.79115742 0.78825068 1
478.80000000 0.79477208 0.78775071 1
478.84000000 0.79013124 0.78724906 1
478.88000000 0.78561610 0.78674574 1
478.92000000 0.79994935 0.78624073 1
478.96000000 0.80304714 0.78573403 1
479.00000000 0.81135824 0.78522564 1
479.04000000 0.78670266 0.78471554 1
479.08000000 0.79254742 0.78420373 1
479.12000000 0.79230442 0.78369021 1
479.16000000 0.78549083 0.78317496 1
479.20000000 0.78376689 0.78265798 1
479.24000000 0.79393041 0.78213927 1
479.28000000 0.79879682 0.78161881 1
479.32000000 0.77924545 0.78109660 1
479.36000000 0.78167613 0.78057263 1
479.40000000 0.77986468 0.78004689 1
479.44000000 0.78028339 0.77951939 1
479.48000000 0.78830940 0.77899010 1
479.52000000 0.81467693 0.77845903 1
479.56000000 0.78500642 0.77792617 1
479.60000000 0.78915884 0.77739151 1
479.64000000 0.78422886 0.77685503 1
479.68000000 0.77550467 0.77631675 1
479.72000000 0.77584185 0.77577664 1
479.76000000 0.77664325 0.77523470 1
479.80000000 0.78603830 0.77469093 1
479.84000000 0.76902132 0.77414532 1
479.88000000 0.76764026 0.77359785 1
479.92000000 0.78566856 0.77304853 1
479.96000000 0.77397435 0.77249734 1
480.00000000 0.77779798 0.77194427 1
480.04000000 0.76321386 0.77138933 1
480.08000000 0.78992893 0.77083250 1
480.12000000 0.78566418 0.77027378 1
480.16000000 0.76331465 0.76971315 1
480.20000000 0.76668026 0.76915061 1
480.24000000 0.77862788 0.76858615 1
480.28000000 0.76861339 0.76801977 1
480.32000000 0.77763472 0.76745146 1
480.36000000 0.78275906 0.76688121 1
480.40000000 0.76711307 0.76630900 1
480.44000000 0.76421133 0.76573484 1
480.48000000 0.77845468 0.76515872 1
480.52000000 0.76790141 0.76458063 1
480.56000000 0.77027212 0.76400056 1
480.60000000 0.74877273 0.76341850 1
480.64000000 0.77278392 0.76283444 1
480.68000000 0.75814079 0.76224838 1
480.72000000 0.76422374 0.76166032 1
480.76000000 0.75782110 0.76107023 1
480.80000000 0.73708850 0.76047812 1
480.84000000 0.76249426 0.75988397 1
480.88000000 0.76021606 0.75928778 1
480.92000000 0.77689619 0.75868954 1
480.96000000 0.74819526 0.75808924 1
481.00000000 0.75674244 0.75748687 1
481.04000000 0.74787119 0.75688243 1
481.08000000 0.76978634 0.75627590 1
481.12000000 0.75207919 0.75566728 1
481.16000000 0.76609698 0.75505657 1
481.20000000 0.77231352 0.75444374 1
481.24000000 0.74413590 0.75382880 1
481.28000000 0.75946173 0.75321174 1
481.32000000 0.75007286 0.75259254 1
481.36000000 0.77442416 0.75197120 1
481.40000000 0.76031837 0.75134771 1
481.44000000 0.76560966 0.75072206 1
481.48000000 0.74634064 0.75009424 1
481.52000000 0.72424849 0.74946425 1
481.56000000 0.74895707 0.74883207 1
481.60000000 0.77448394 0.74819771 1
481.64000000 0.75383830 0.74756114 1
481.68000000 0.73977100 0.74692236 1
481.72000000 0.73240694 0.74628136 1
481.76000000 0.75978533 0.74563814 1
481.80000000 0.76615714 0.74499268 1
481.84000000 0.75926407 0.74434497 1
481.88000000 0.73975591 0.74369501 1
481.92000000 0.74867256 0.74304279 1
481.96000000 0.74345232 0.74238830 1
482.00000000 0.75685401 0.74173153 1
482.04000000 0.74030754 0.74107246 1
482.08000000 0.73287460 0.74041110 1
482.12000000 0.74380657 0.73974744 1
482.16000000 0.75823049 0.73908145 1
482.20000000 0.73009806 0.73841315 1
482.24000000 0.73826615 0.73774250 1
482.28000000 0.74944915 0.73706952 1
482.32000000 0.74980281 0.73639418 1
482.36000000 0.73881451 0.73571648 1
482.40000000 0.72664213 0.73503641 1
482.44000000 0.73211249 0.73435396 1
482.48000000 0.72065118 0.73366912 1
482.52000000 0.73630254 0.73298188 1
482.56000000 0.73292910 0.73229224 1
482.60000000 0.72344469 0.73160017 1
482.64000000 0.72241863 0.73090568 1
482.68000000 0.72559066 0.73020876 1
482.72000000 0.70674005 0.72950938 1
482.76000000 0.73402672 0.72880756 1
482.80000000 0.73086854 0.72810327 1
482.84000000 0.73090392 0.72739650 1
482.88000000 0.70615974 0.72668725 1
482.92000000 0.72356024 0.72597551 1
482.96000000 0.71401292 0.72526126 1
483.00000000 0.71793202 0.72454450 1
483.04000000 0.73470819 0.72382522 1
483.08000000 0.70615570 0.72310341 1
483.12000000 0.72620901 0.72237906 1
483.16000000 0.70794746 0.72165215 1
483.20000000 0.72227331 0.72092268 1
483.24000000 0.71402102 0.72019064 1
483.28000000 0.72559432 0.71945603 1
483.32000000 0.71050473 0.71871881 1
483.36000000 0.69376384 0.71797900 1
483.40000000 0.73200366 0.71723658 1
483.44000000 0.71542016 0.71649154 1
483.48000000 0.71595404 0.71574386 1
483.52000000 0.73160625 0.71499355 1
483.56000000 0.71487723 0.71424058 1
483.60000000 0.70225816 0.71348496 1
483.64000000 0.71861899 0.71272666 1
483.68000000 0.69800366 0.71196568 1
483.72000000 0.70472888 0.71120201 1
483.76000000 0.70485210 0.71043563 1
483.80000000 0.71393244 0.70966655 1
483.84000000 0.72484298 0.70889474 1
483.88000000 0.70953246 0.70812020 1
483.92000000 0.70888877 0.70734292 1
483.96000000 0.70712909 0.70656288 1
484.00000000 0.71403660 0.70578008 1
484.04000000 0.69932952 0.70499450 1
484.08000000 0.71198385 0.70420614 1
484.12000000 0.71476103 0.70341499 1
484.16000000 0.69374346 0.70262103 1
484.20000000 0.71286571 0.70182425 1
484.24000000 0.68941078 0.70102465 1
484.28000000 0.69592728 0.70022221 1
484.32000000 0.70620580 0.69941692 1
484.36000000 0.70767925 0.69860878 1
484.40000000 0.71435820 0.69779776 1
484.44000000 0.70280249 0.69698387 1
484.48000000 0.70560364 0.69616708 1
484.52000000 0.70171552 0.69534740 1
484.56000000 0.69138332 0.69452480 1
484.60000000 0.67645573 0.69369928 1
484.64000000 0.71431711 0.69287082 1
484.68000000 0.68376279 0.69203942 1
484.72000000 0.69770833 0.69120507 1
484.76000000 0.68966813 0.69036775 1
484.80000000 0.68805837 0.68952745 1
484.84000000 0.70398144 0.68868417 1
484.88000000 0.69263611 0.68783788 1
484.92000000 0.70205634 0.68698859 1
484.96000000 0.67832422 0.68613628 1
485.00000000 0.69172960 0.68528093 1
485.04000000 0.68957401 0.68442254 1
485.08000000 0.67301378 0.68356110 1
485.12000000 0.00000000 0.68269659 0
485.16000000 0.67515970 0.68182901 1
485.20000000 0.69520671 0.68095834 1
485.24000000 0.69024298 0.68008457 1
485.28000000 0.66693074 0.67920769 1
485.32000000 0.69628345 0.67832770 1
485.36000000 0.67561549 0.67744457 1
485.40000000 0.67314247 0.67655829 1
485.44000000 0.68643049 0.67566887 1
485.48000000 0.68134597 0.67477628 1
485.52000000 0.67965520 0.67388051 1
485.56000000 0.67438208 0.67298155 1
485.60000000 0.69181080 0.67207940 1
485.64000000 0.69537505 0.67117403 1
485.68000000 0.67907558 0.67026544 1
485.72000000 0.65180542 0.66935362 1
485.76000000 0.67747289 0.66843856 1
485.80000000 0.67389496 0.66752024 1
485.84000000 0.65838223 0.66659865 1
485.88000000 0.66377924 0.66567379 1
485.92000000 0.67007868 0.66474563 1
485.96000000 0.66140837 0.66381418 1
486.00000000 0.66800943 0.66287941 1
486.04000000 0.65465458 0.66194131 1
486.08000000 0.65625147 0.66099988 1
486.12000000 0.66089209 0.66005511 1
486.16000000 0.67303342 0.65910698 1
486.20000000 0.63865107 0.65815547 1
486.24000000 0.66644570 0.65720059 1
486.28000000 0.67928305 0.65624231 1
486.32000000 0.65042153 0.65528063 1
486.36000000 0.64588951 0.65431553 1
486.40000000 0.65029021 0.65334700 1
486.44000000 0.66188473 0.65237504 1
486.48000000 0.65846827 0.65139963 1
486.52000000 0.64696971 0.65042075 1
486.56000000 0.65767798 0.64943840 1
486.60000000 0.65277193 0.64845257 1
486.64000000 0.65473549 0.64746324 1
486.68000000 0.65516350 0.64647040 1
486.72000000 0.63664763 0.64547404 1
486.76000000 0.64236731 0.64447416 1
486.80000000 0.65642923 0.64347073 1
486.84000000 0.64102522 0.64246374 1
486.88000000 0.63350740 0.64145319 1
486.92000000 0.66365116 0.64043907 1
486.96000000 0.64864772 0.63942135 1
487.00000000 0.62282145 0.63840004 1
487.04000000 0.62222489 0.63737512 1
487.08000000 0.64887848 0.63634657 1
487.12000000 0.63892091 0.63531439 1
487.16000000 0.62102511 0.63427856 1
487.20000000 0.63375605 0.63323907 1
487.24000000 0.63063979 0.63219592 1
487.28000000 0.64457618 0.63114909 1
487.32000000 0.64271702 0.63009856 1
487.36000000 0.63873316 0.62904434 1
487.40000000 0.61706713 0.62798640 1
487.44000000 0.63959222 0.62692473 1
487.48000000 0.64903938 0.62585933 1
487.52000000 0.63173298 0.62479018 1
487.56000000 0.63161807 0.62371726 1
487.60000000 0.62227176 0.62264058 1
487.64000000 0.61513695 0.62156012 1
487.68000000 0.62968248 0.62047586 1
487.72000000 0.61288136 0.61938780 1
487.76000000 0.61565262 0.61829592 1
487.80000000 0.61423902 0.61720022 1
487.84000000 0.61026330 0.61610068 1
487.88000000 0.62243791 0.61499728 1
487.92000000 0.62010396 0.61389003 1
487.96000000 0.59973994 0.61277891 1
488.00000000 0.61796442 0.61166390 1
488.04000000 0.59483256 0.61054501 1
488.08000000 0.62156988 0.60942220 1
488.12000000 0.61384234 0.60829548 1
488.16000000 0.62468470 0.60716484 1
488.20000000 0.62205865 0.60603026 1
488.24000000 0.60274990 0.60489173 1
488.28000000 0.60983550 0.60374924 1
488.32000000 0.60871553 0.60260278 1
488.36000000 0.58191944 0.60145235 1
488.40000000 0.61154364 0.60029792 1
488.44000000 0.58511468 0.59913949 1
488.48000000 0.59990730 0.59797705 1
488.52000000 0.58824802 0.59681058 1
488.56000000 0.58844740 0.59564009 1
488.60000000 0.58874134 0.59446555 1
488.64000000 0.61006569 0.59328695 1
488.68000000 0.56711539 0.59210430 1
488.72000000 0.59217190 0.59091756 1
488.76000000 0.60284628 0.58972675 1
488.80000000 0.61912802 0.58853184 1
488.84000000 0.57966072 0.58733282 1
488.88000000 0.58962675 0.58612969 1
488.92000000 0.58939224 0.58492244 1
488.96000000 0.58768496 0.58371105 1
489.00000000 0.57913581 0.58249552 1
489.04000000 0.58691256 0.58127583 1
489.08000000 0.56612679 0.58005198 1
489.12000000 0.58098367 0.57882396 1
489.16000000 0.58507191 0.57759175 1
489.20000000 0.57376333 0.57635535 1
489.24000000 0.58692305 0.57511475 1
489.28000000 0.58011916 0.57386994 1
489.32000000 0.57495508 0.57262091 1
489.36000000 0.56467764 0.57136765 1
489.40000000 0.59346166 0.57011015 1
489.44000000 0.58123258 0.56884841 1
489.48000000 0.58192047 0.56758241 1
489.52000000 0.56882546 0.56631214 1
489.56000000 0.58055407 0.56503760 1
489.60000000 0.56896691 0.56375878 1
489.64000000 0.56896798 0.56247567 1
489.68000000 0.56992580 0.56118826 1
489.72000000 0.57483655 0.55989654 1
489.76000000 0.55792106 0.55860051 1
489.80000000 0.56621651 0.55730016 1
489.84000000 0.55396437 0.55599547 1
489.88000000 0.57143121 0.55468645 1
489.92000000 0.57088576 0.55337308 1
489.96000000 0.54716081 0.55205535 1
490.00000000 0.57220346 0.55073326 1
490.04000000 0.55125091 0.54940681 1
490.08000000 0.57004601 0.54807597 1
490.12000000 0.53017418 0.54674076 1
490.16000000 0.54051012 0.54540115 1
490.20000000 0.57838367 0.54405715 1
490.24000000 0.53894675 0.54270874 1
490.28000000 0.55514038 0.54135592 1
490.32000000 0.55220266 0.53999869 1
490.36000000 0.53094954 0.53863703 1
490.40000000 0.52458988 0.53727094 1
490.44000000 0.54728676 0.53590042 1
490.48000000 0.53128007 0.53452546 1
490.52000000 0.53091365 0.53314605 1
490.56000000 0.53211531 0.53176219 1
490.60000000 0.53725653 0.53037387 1
490.64000000 0.53721385 0.52898109 1
490.68000000 0.50235384 0.52758384 1
490.72000000 0.52894899 0.52618211 1
490.76000000 0.52183027 0.52477591 1
490.80000000 0.51986142 0.52336523 1
490.84000000 0.52124714 0.52195006 1
490.88000000 0.51909951 0.52053040 1
490.92000000 0.51241571 0.51910625 1
490.96000000 0.51382412 0.51767760 1
491.00000000 0.52924230 0.51624445 1
491.04000000 0.52026962 0.51480679 1
491.08000000 0.51465767 0.51336462 1
491.12000000 0.51304650 0.51191794 1
491.16000000 0.53158540 0.51046675 1
491.20000000 0.50125007 0.50901104 1
491.24000000 0.52141135 0.50755081 1
491.28000000 0.50148387 0.50608606 1
491.32000000 0.50918635 0.50461679 1
491.36000000 0.51280766 0.50314299 1
491.40000000 0.53486370 0.50166467 1
491.44000000 0.50711071 0.50018181 1
491.48000000 0.50434397 0.49869443 1
491.52000000 0.50575587 0.49720252 1
491.56000000 0.50443938 0.49570608 1
491.60000000 0.50971747 0.49420511 1
491.64000000 0.49963372 0.49269960 1
491.68000000 0.49339305 0.49118957 1
491.72000000 0.49242842 0.48967500 1
491.76000000 0.50120867 0.48815591 1
491.80000000 0.48171803 0.48663228 1
491.84000000 0.47409295 0.48510413 1
491.88000000 0.48138135 0.48357146 1
491.92000000 0.48800338 0.48203425 1
491.96000000 0.48233362 0.48049253 1
492.00000000 0.47159464 0.47894629 1
492.04000000 0.48758012 0.47739552 1
492.08000000 0.48480900 0.47584025 1
492.12000000 0.47699612 0.47428046 1
492.16000000 0.45491183 0.47271616 1
492.20000000 0.49769429 0.47114736 1
492.24000000 0.45915924 0.46957406 1
492.28000000 0.46008706 0.46799627 1
492.32000000 0.47842120 0.46641398 1
492.36000000 0.47281392 0.46482720 1
492.40000000 0.46243847 0.46323595 1
492.44000000 0.47448951 0.46164022 1
492.48000000 0.46251510 0.46004002 1
492.52000000 0.44183190 0.45843536 1
492.56000000 0.47233061 0.45682624 1
492.60000000 0.46439318 0.45521267 1
492.64000000 0.44902921 0.45359466 1
492.68000000 0.44126388 0.45197222 1
492.72000000 0.44962154 0.45034535 1
492.76000000 0.45393219 0.44871406 1
492.80000000 0.46370226 0.44707836 1
492.84000000 0.44555921 0.44543826 1
492.88000000 0.44137642 0.44379378 1
492.92000000 0.44474196 0.44214491 1
492.96000000 0.45267840 0.44049167 1
493.00000000 0.42309721 0.43883408 1
493.04000000 0.45063979 0.43717213 1
493.08000000 0.42833622 0.43550585 1
493.12000000 0.45097449 0.43383525 1
493.16000000 0.44360833 0.43216033 1
493.20000000 0.41716846 0.43048111 1
493.24000000 0.44016583 0.42879761 1
493.28000000 0.43059854 0.42710984 1
493.32000000 0.42433313 0.42541780 1
493.36000000 0.44040150 0.42372153 1
493.40000000 0.44540915 0.42202102 1
493.44000000 0.41615981 0.42031630 1
493.48000000 0.42303939 0.41860738 1
493.52000000 0.42682871 0.41689428 1
493.56000000 0.40869146 0.41517702 1
493.60000000 0.41732176 0.41345560 1
493.64000000 0.40605843 0.41173006 1
493.68000000 0.42728333 0.41000041 1
493.72000000 0.41307726 0.40826666 1
493.76000000 0.41626095 0.40652884 1
493.80000000 0.40490854 0.40478697 1
493.84000000 0.39065073 0.40304106 1
493.88000000 0.40039676 0.40129114 1
493.92000000 0.39136100 0.39953723 1
493.96000000 0.38864929 0.39777934 1
494.00000000 0.39586941 0.39601751 1
494.04000000 0.39573050 0.39425175 1
494.08000000 0.38669987 0.39248210 1
494.12000000 0.38772899 0.39070856 1
494.16000000 0.38546094 0.38893117 1
494.20000000 0.38888564 0.38714995 1
494.24000000 0.37755580 0.38536493 1
494.28000000 0.38597314 0.38357613 1
494.32000000 0.38397679 0.38178358 1
494.36000000 0.39270411 0.37998731 1
494.40000000 0.38011156 0.37818734 1
494.44000000 0.39035538 0.37638370 1
494.48000000 0.38846958 0.37457643 1
494.52000000 0.37608544 0.37276555 1
494.56000000 0.36963441 0.37095109 1
494.60000000 0.35654046 0.36913308 1
494.64000000 0.36598722 0.36731156 1
494.68000000 0.38137153 0.36548655 1
494.72000000 0.36989894 0.36365809 1
494.76000000 0.36932039 0.36182621 1
494.80000000 0.36428034 0.35999095 1
494.84000000 0.36533909 0.35815234 1
494.88000000 0.35810520 0.35631041 1
494.92000000 0.35227062 0.35446520 1
494.96000000 0.34894516 0.35261675 1
495.00000000 0.35475262 0.35076510 1
495.04000000 0.34674748 0.34891028 1
495.08000000 0.32947684 0.34705233 1
495.12000000 0.34997002 0.34519129 1
495.16000000 0.32677633 0.34332720 1
495.20000000 0.33444047 0.34146011 1
495.24000000 0.32743206 0.33959004 1
495.28000000 0.35259555 0.33771705 1
495.32000000 0.34934724 0.33584117 1
495.36000000 0.31392462 0.33396246 1
495.40000000 0.33147192 0.33208095 1
495.44000000 0.32869219 0.33019668 1
495.48000000 0.31393681 0.32830972 1
495.52000000 0.32905391 0.32642009 1
495.56000000 0.32957747 0.32452785 1
495.60000000 0.32576375 0.32263304 1
495.64000000 0.32374645 0.32073572 1
495.68000000 0.31263669 0.31883594 1
495.72000000 0.31894321 0.31693373 1
495.76000000 0.33251777 0.31502916 1
495.80000000 0.31376683 0.31312228 1
495.84000000 0.31775525 0.31121313 1
495.88000000 0.29848544 0.30930177 1
495.92000000 0.31178966 0.30738826 1
495.96000000 0.31722141 0.30547265 1
496.00000000 0.30654154 0.30355499 1
496.04000000 0.29294744 0.30163534 1
496.08000000 0.29800320 0.29971376 1
496.12000000 0.30175196 0.29779031 1
496.16000000 0.28984970 0.29586504 1
496.20000000 0.28826764 0.29393801 1
496.24000000 0.29948496 0.29200929 1
496.28000000 0.28787660 0.29007893 1
496.32000000 0.28030003 0.28814700 1
496.36000000 0.30584908 0.28621355 1
496.40000000 0.28802350 0.28427866 1
496.44000000 0.28621128 0.28234239 1
496.48000000 0.27970503 0.28040480 1
496.52000000 0.26083514 0.27846596 1
496.56000000 0.26703644 0.27652593 1
496.60000000 0.28675436 0.27458478 1
496.64000000 0.26930303 0.27264259 1
496.68000000 0.25671562 0.27069942 1
496.72000000 0.26123216 0.26875533 1
496.76000000 0.26220333 0.26681041 1
496.80000000 0.25930850 0.26486472 1
496.84000000 0.26028208 0.26291834 1
496.88000000 0.25758383 0.26097134 1
496.92000000 0.25142454 0.25902379 1
496.96000000 0.24927754 0.25707577 1
497.00000000 0.26031810 0.25512736 1
497.04000000 0.24852697 0.25317863 1
497.08000000 0.25711559 0.25122967 1
497.12000000 0.25064077 0.24928054 1
497.16000000 0.25883339 0.24733133 1
497.20000000 0.24569303 0.24538212 1
497.24000000 0.22733387 0.24343299 1
497.28000000 0.23343165 0.24148403 1
497.32000000 0.22474074 0.23953531 1
497.36000000 0.24258298 0.23758693 1
497.40000000 0.24261894 0.23563895 1
497.44000000 0.24453118 0.23369148 1
497.48000000 0.22442438 0.23174460 1
497.52000000 0.23093811 0.22979839 1
497.56000000 0.23653939 0.22785295 1
497.60000000 0.22163846 0.22590836 1
497.64000000 0.22091069 0.22396471 1
497.68000000 0.21041186 0.22202210 1
497.72000000 0.21227315 0.22008061 1
497.76000000 0.22339284 0.21814034 1
497.80000000 0.21940977 0.21620138 1
497.84000000 0.20485097 0.21426383 1
497.88000000 0.22062287 0.21232777 1
497.92000000 0.20721871 0.21039332 1
497.96000000 0.20871794 0.20846056 1
498.00000000 0.20162431 0.20652959 1
498.04000000 0.20492241 0.20460051 1
498.08000000 0.20133973 0.20267343 1
498.12000000 0.22407187 0.20074843 1
498.16000000 0.19475362 0.19882562 1
498.20000000 0.19552649 0.19690511 1
498.24000000 0.19691911 0.19498699 1
498.28000000 0.19093996 0.19307137 1
498.32000000 0.18039351 0.19115836 1
498.36000000 0.18164282 0.18924805 1
498.40000000 0.18716670 0.18734056 1
498.44000000 0.17045022 0.18543599 1
498.48000000 0.17676349 0.18353445 1
498.52000000 0.17301831 0.18163604 1
498.56000000 0.17599649 0.17974089 1
498.60000000 0.17615984 0.17784908 1
498.64000000 0.16792547 0.17596075 1
498.68000000 0.16411712 0.17407599 1
498.72000000 0.16783757 0.17219492 1
498.76000000 0.16108245 0.17031766 1
498.80000000 0.17436569 0.16844431 1
498.84000000 0.15798799 0.16657500 1
498.88000000 0.15920249 0.16470982 1
498.92000000 0.16020651 0.16284891 1
498.96000000 0.16226469 0.16099238 1
499.00000000 0.15496227 0.15914034 1
499.04000000 0.14988029 0.15729292 1
499.08000000 0.15538242 0.15545022 1
499.12000000 0.15849534 0.15361238 1
499.16000000 0.14894185 0.15177950 1
499.20000000 0.15088224 0.14995171 1
499.24000000 0.14889077 0.14812913 1
499.28000000 0.14424795 0.14631189 1
499.32000000 0.14277595 0.14450010 1
499.36000000 0.13855675 0.14269388 1
499.40000000 0.13991466 0.14089337 1
499.44000000 0.13754216 0.13909867 1
499.48000000 0.14224053 0.13730993 1
499.52000000 0.14089851 0.13552726 1
499.56000000 0.12843261 0.13375078 1
499.60000000 0.13163973 0.13198063 1
499.64000000 0.12654914 0.13021693 1
499.68000000 0.12860768 0.12845980 1
499.72000000 0.12184323 0.12670938 1
499.76000000 0.11462808 0.12496579 1
499.80000000 0.11795926 0.12322916 1
499.84000000 0.11988258 0.12149962 1
499.88000000 0.11608649 0.11977729 1
499.92000000 0.11021726 0.11806231 1
499.96000000 0.11418842 0.11635481 1
500.00000000 0.11094803 0.11465491 1
500.04000000 0.10718092 0.11296274 1
500.08000000 0.10672979 0.11127844 1
500.12000000 0.10265853 0.10960214 1
500.16000000 0.10859771 0.10793397 1
500.20000000 0.10492162 0.10627405 1
500.24000000 0.10400965 0.10462253 1
500.28000000 0.10436935 0.10297952 1
500.32000000 0.09536931 0.10134518 1
500.36000000 0.10118296 0.09971961 1
500.40000000 0.09043785 0.09810297 1
500.44000000 0.09842873 0.09649537 1
500.48000000 0.09493233 0.09489696 1
500.52000000 0.09093886 0.09330787 1
500.56000000 0.08656748 0.09172822 1
500.60000000 0.09223231 0.09015815 1
500.64000000 0.08334590 0.08859780 1
500.68000000 0.08894277 0.08704729 1
500.72000000 0.08346575 0.08550676 1
500.76000000 0.07761141 0.08397634 1
500.80000000 0.08085147 0.08245616 1
500.84000000 0.07915401 0.08094636 1
500.88000000 0.07022746 0.07944707 1
500.92000000 0.08067517 0.07795842 1
500.96000000 0.08598319 0.07648054 1
501.00000000 0.06815821 0.07501356 1
501.04000000 0.07045557 0.07355762 1
501.08000000 0.07310956 0.07211284 1
501.12000000 0.07236413 0.07067937 1
501.16000000 0.06638135 0.06925732 1
501.20000000 0.06186022 0.06784682 1
501.24000000 0.07012582 0.06644802 1
501.28000000 0.05860883 0.06506104 1
501.32000000 0.06121196 0.06368600 1
501.36000000 0.05755575 0.06232304 1
501.40000000 0.06524261 0.06097228 1
501.44000000 0.05804936 0.05963386 1
501.48000000 0.05472230 0.05830789 1
501.52000000 0.05519091 0.05699452 1
501.56000000 0.05462568 0.05569386 1
501.60000000 0.05323762 0.05440604 1
501.64000000 0.05003744 0.05313118 1
501.68000000 0.05326727 0.05186941 1
501.72000000 0.04450779 0.05062086 1
501.76000000 0.05085246 0.04938564 1
501.80000000 0.04574767 0.04816389 1
501.84000000 0.04533717 0.04695571 1
501.88000000 0.03813470 0.04576124 1
501.92000000 0.03981738 0.04458059 1
501.96000000 0.04130974 0.04341388 1
502.00000000 0.03965029 0.04226124 1
502.04000000 0.03672515 0.04112277 1
502.08000000 0.04186819 0.03999861 1
502.12000000 0.03509993 0.03888885 1
502.16000000 0.03437061 0.03779362 1
502.20000000 0.03671553 0.03671303 1
502.24000000 0.03469011 0.03564720 1
502.28000000 0.03470000 0.03459624 1
502.32000000 0.03562296 0.03356025 1
502.36000000 0.03227009 0.03253936 1
502.40000000 0.03519052 0.03153366 1
502.44000000 0.03088351 0.03054326 1
502.48000000 0.02906256 0.02956828 1
502.52000000 0.02425827 0.02860882 1
502.56000000 0.02398100 0.02766498 1
502.60000000 0.02584819 0.02673686 1
502.64000000 0.02455848 0.02582457 1
502.68000000 0.02120990 0.02492821 1
502.72000000 0.01867849 0.02404788 1
502.76000000 0.02114436 0.02318367 1
502.80000000 0.02281765 0.02233568 1
502.84000000 0.01864112 0.02150401 1
502.88000000 0.02164424 0.02068875 1
502.92000000 0.01788503 0.01988999 1
502.96000000 0.02014907 0.01910783 1
503.00000000 0.01895462 0.01834235 1
503.04000000 0.01809108 0.01759365 1
503.08000000 0.01636950 0.01686180 1
503.12000000 0.01569998 0.01614690 1
503.16000000 0.01726692 0.01544902 1
503.20000000 0.01484455 0.01476826 1
503.24000000 0.01505121 0.01410468 1
503.28000000 0.01142085 0.01345837 1
503.32000000 0.01048096 0.01282941 1
503.36000000 0.01186803 0.01221787 1
503.40000000 0.01211431 0.01162382 1
503.44000000 0.01147328 0.01104734 1
503.48000000 0.00944617 0.01048849 1
503.52000000 0.00955764 0.00994735 1
503.56000000 0.00922385 0.00942399 1
503.60000000 0.01018328 0.00891846 1
503.64000000 0.01593396 0.00843083 1
503.68000000 0.01083376 0.00796117 1
503.72000000 0.00663545 0.00750952 1
503.76000000 0.00627141 0.00707596 1
503.80000000 0.00683359 0.00666053 1
503.84000000 0.00584365 0.00626329 1
503.88000000 0.00403792 0.00588430 1
503.92000000 0.00685761 0.00552359 1
503.96000000 0.00437733 0.00518123 1
504.00000000 0.00554695 0.00485726 1
504.04000000 0.00525353 0.00455171 1
504.08000000 0.00523983 0.00426464 1
504.12000000 0.00383641 0.00399609 1
504.16000000 0.00453901 0.00374609 1
504.20000000 0.00512296 0.00351468 1
504.24000000 0.00422538 0.00330190 1
504.28000000 0.00381799 0.00310777 1
504.32000000 0.00341963 0.00293233 1
504.36000000 0.00429914 0.00277561 1
504.40000000 0.00381341 0.00263763 1
504.44000000 0.00406250 0.00251842 1
504.48000000 0.00346536 0.00241800 1
504.52000000 0.00403635 0.00233640 1
504.56000000 0.00317376 0.00227362 1
504.60000000 0.00000000 0.00222969 0
504.64000000 0.00348610 0.00220462 1
504.68000000 0.00386369 0.00219842 1
504.72000000 0.00455673 0.00221110 1
504.76000000 0.00487379 0.00224268 1
504.80000000 0.00340112 0.00229315 1
504.84000000 0.00579989 0.00236253 1
504.88000000 0.00386268 0.00245080 1
504.92000000 0.00511928 0.00255798 1
504.96000000 0.00384375 0.00268406 1
505.00000000 0.00349361 0.00282903 1
505.04000000 0.00409320 0.00299289 1
505.08000000 0.00391156 0.00317563 1
505.12000000 0.00321867 0.00337725 1
505.16000000 0.00444233 0.00359771 1
505.20000000 0.00556947 0.00383702 1
505.24000000 0.00380660 0.00409516 1
505.28000000 0.00373112 0.00437210 1
505.32000000 0.00534612 0.00466783 1
505.36000000 0.00675099 0.00498232 1
505.40000000 0.00474178 0.00531555 1
505.44000000 0.00557616 0.00566748 1
505.48000000 0.00285590 0.00603810 1
505.52000000 0.00912924 0.00642736 1
505.56000000 0.00777853 0.00683524 1
505.60000000 0.00916187 0.00726171 1
505.64000000 0.00702985 0.00770671 1
505.68000000 0.00782422 0.00817022 1
505.72000000 0.00974799 0.00865220 1
505.76000000 0.00976396 0.00915259 1
505.80000000 0.01042822 0.00967136 1
505.84000000 0.01113589 0.01020845 1
505.88000000 0.01133932 0.01076383 1
505.92000000 0.01076984 0.01133743 1
505.96000000 0.01220254 0.01192921 1
506.00000000 0.01191825 0.01253910 1
506.04000000 0.01596481 0.01316706 1
506.08000000 0.01450539 0.01381303 1
506.12000000 0.01499896 0.01447694 1
506.16000000 0.01605205 0.01515873 1
506.20000000 0.01882341 0.01585834 1
506.24000000 0.01759498 0.01657571 1
506.28000000 0.01696206 0.01731076 1
506.32000000 0.01788463 0.01806342 1
506.36000000 0.01881638 0.01883363 1
506.40000000 0.01889097 0.01962131 1
506.44000000 0.02028128 0.02042640 1
506.48000000 0.02004108 0.02124880 1
506.52000000 0.02148560 0.02208844 1
506.56000000 0.02130171 0.02294525 1
506.60000000 0.02186152 0.02381915 1
506.64000000 0.02452247 0.02471004 1
506.68000000 0.02111883 0.02561785 1
506.72000000 0.02532247 0.02654250 1
506.76000000 0.02445667 0.02748388 1
506.80000000 0.02840435 0.02844192 1
506.84000000 0.02983774 0.02941652 1
506.88000000 0.03367223 0.03040760 1
506.92000000 0.03080328 0.03141506 1
506.96000000 0.03240761 0.03243880 1
507.00000000 0.03490785 0.03347872 1
507.04000000 0.02281992 0.03453474 1
507.08000000 0.02481080 0.03560676 1
507.12000000 0.02103706 0.03669466 1
507.16000000 0.02842446 0.03779835 1
507.20000000 0.03856864 0.03891773 1
507.24000000 0.03596404 0.04005270 1
507.28000000 0.04480854 0.04120314 1
507.32000000 0.04235464 0.04236896 1
507.36000000 0.04370907 0.04355004 1
507.40000000 0.04590192 0.04474628 1
507.44000000 0.04533912 0.04595757 1
507.48000000 0.04913882 0.04718379 1
507.52000000 0.04706799 0.04842483 1
507.56000000 0.05019826 0.04968058 1
507.60000000 0.05149705 0.05095093 1
507.64000000 0.05048503 0.05223576 1
507.68000000 0.05019108 0.05353496 1
507.72000000 0.05704102 0.05484841 1
507.76000000 0.05503463 0.05617598 1
507.80000000 0.05816827 0.05751757 1
507.84000000 0.05768899 0.05887305 1
507.88000000 0.06183663 0.06024230 1
507.92000000 0.06064489 0.06162521 1
507.96000000 0.05843094 0.06302164 1
508.00000000 0.06473057 0.06443147 1
508.04000000 0.07026519 0.06585459 1
508.08000000 0.06523911 0.06729087 1
508.12000000 0.06757097 0.06874019 1
508.16000000 0.07239660 0.07020241 1
508.20000000 0.07469015 0.07167741 1
508.24000000 0.06810341 0.07316507 1
508.28000000 0.07067017 0.07466525 1
508.32000000 0.07409342 0.07617784 1
508.36000000 0.07609247 0.07770270 1
508.40000000 0.07578559 0.07923970 1
508.44000000 0.07681811 0.08078872 1
508.48000000 0.07759317 0.08234962 1
508.52000000 0.08323858 0.08392228 1
508.56000000 0.08060439 0.08550656 1
508.60000000 0.08467179 0.08710233 1
508.64000000 0.08809650 0.08870947 1
508.68000000 0.00000000 0.09032783 0
508.72000000 0.09075164 0.09195730 1
508.76000000 0.09434947 0.09359773 1
508.80000000 0.09238372 0.09524900 1
508.84000000 0.09637961 0.09691098 1
508.88000000 0.10285113 0.09858352 1
508.92000000 0.09970058 0.10026650 1
508.96000000 0.09755746 0.10195979 1
509.00000000 0.10025748 0.10366325 1
509.04000000 0.09997153 0.10537675 1
509.08000000 0.10784416 0.10710015 1
509.12000000 0.10560281 0.10883333 1
509.16000000 0.09221016 0.11057615 1
509.20000000 0.10988973 0.11232848 1
509.24000000 0.11575616 0.11409018 1
509.28000000 0.11238399 0.11586112 1
509.32000000 0.12302468 0.11764117 1
509.36000000 0.11670885 0.11943020 1
509.40000000 0.11981578 0.12122807 1
509.44000000 0.11446030 0.12303465 1
509.48000000 0.12374472 0.12484981 1
509.52000000 0.12081794 0.12667341 1
509.56000000 0.10747016 0.12850533 1
509.60000000 0.10877839 0.13034544 1
509.64000000 0.13167656 0.13219359 1
509.68000000 0.13022866 0.13404967 1
509.72000000 0.13367381 0.13591354 1
509.76000000 0.14258717 0.13778506 1
509.80000000 0.13447580 0.13966412 1
509.84000000 0.14147022 0.14155057 1
509.88000000 0.14372362 0.14344429 1
509.92000000 0.13557691 0.14534516 1
509.96000000 0.14425885 0.14725303 1
510.00000000 0.14394670 0.14916779 1
510.04000000 0.15321330 0.15108931 1
510.08000000 0.15413991 0.15301745 1
510.12000000 0.14417722 0.15495210 1
510.16000000 0.15357056 0.15689312 1
510.20000000 0.16370534 0.15884039 1
510.24000000 0.16241091 0.16079378 1
510.28000000 0.15969707 0.16275318 1
510.32000000 0.16447998 0.16471844 1
510.36000000 0.15670849 0.16668946 1
510.40000000 0.16235832 0.16866611 1
510.44000000 0.17132751 0.17064826 1
510.48000000 0.17046411 0.17263580 1
510.52000000 0.16784141 0.17462860 1
510.56000000 0.16590621 0.17662654 1
510.60000000 0.00000000 0.17862950 0
510.64000000 0.18155526 0.18063737 1
510.68000000 0.17982180 0.18265001 1
510.72000000 0.17894465 0.18466733 1
510.76000000 0.18351843 0.18668919 1
510.80000000 0.18314056 0.18871548 1
510.84000000 0.18055511 0.19074609 1
510.88000000 0.19859962 0.19278090 1
510.92000000 0.18951524 0.19481979 1
510.96000000 0.19098797 0.19686266 1
511.00000000 0.19896151 0.19890938 1
511.04000000 0.20044528 0.20095985 1
511.08000000 0.20674757 0.20301396 1
511.12000000 0.20138341 0.20507160 1
511.16000000 0.21286289 0.20713264 1
511.20000000 0.20231802 0.20919700 1
511.24000000 0.20355415 0.21126455 1
511.28000000 0.21104111 0.21333520 1
511.32000000 0.21533400 0.21540883 1
511.36000000 0.21346167 0.21748534 1
511.40000000 0.21672251 0.21956462 1
511.44000000 0.22364198 0.22164657 1
511.48000000 0.21956645 0.22373109 1
511.52000000 0.23325324 0.22581807 1
511.56000000 0.22294747 0.22790741 1
511.60000000 0.23097873 0.22999902 1
511.64000000 0.23412759 0.23209279 1
511.68000000 0.22745395 0.23418863 1
511.72000000 0.23458815 0.23628643 1
511.76000000 0.23100954 0.23838610 1
511.80000000 0.23534031 0.24048754 1
511.84000000 0.23910273 0.24259066 1
511.88000000 0.24824893 0.24469537 1
511.92000000 0.25659161 0.24680156 1
511.96000000 0.24047997 0.24890916 1
512.00000000 0.24359525 0.25101806 1
512.04000000 0.24876653 0.25312817 1
512.08000000 0.26079559 0.25523941 1
512.12000000 0.26216894 0.25735169 1
512.16000000 0.26114818 0.25946492 1
512.20000000 0.26331098 0.26157901 1
512.24000000 0.25569344 0.26369388 1
512.28000000 0.27394426 0.26580944 1
512.32000000 0.26440551 0.26792561 1
512.36000000 0.27193694 0.27004230 1
512.40000000 0.26590142 0.27215943 1
512.44000000 0.26677837 0.27427693 1
512.48000000 0.27156604 0.27639470 1
512.52000000 0.00000000 0.27851268 0
512.56000000 0.27378220 0.28063078 1
512.60000000 0.28768359 0.28274893 1
512.64000000 0.28579405 0.28486704 1
512.68000000 0.28431316 0.28698505 1
512.72000000 0.29417488 0.28910287 1
512.76000000 0.28687363 0.29122044 1
512.80000000 0.28854455 0.29333769 1
512.84000000 0.29628058 0.29545453 1
512.88000000 0.30586104 0.29757090 1
512.92000000 0.29116609 0.29968674 1
512.96000000 0.30362733 0.30180196 1
513.00000000 0.30897424 0.30391651 1
513.04000000 0.30621696 0.30603031 1
513.08000000 0.30916334 0.30814330 1
513.12000000 0.31104597 0.31025541 1
513.16000000 0.30010407 0.31236659 1
513.20000000 0.29613871 0.31447676 1
513.24000000 0.31622011 0.31658586 1
513.28000000 0.31173012 0.31869384 1
513.32000000 0.31377312 0.32080063 1
513.36000000 0.31887809 0.32290617 1
513.40000000 0.33627831 0.32501040 1
513.44000000 0.33157177 0.32711327 1
513.48000000 0.32963311 0.32921472 1
513.52000000 0.34213840 0.33131469 1
513.56000000 0.33633379 0.33341313 1
513.60000000 0.33502170 0.33550998 1
513.64000000 0.33802729 0.33760519 1
513.68000000 0.34231540 0.33969871 1
513.72000000 0.35134502 0.34179048 1
513.76000000 0.36167377 0.34388046 1
513.80000000 0.34299424 0.34596860 1
513.84000000 0.35478059 0.34805484 1
513.88000000 0.34910471 0.35013915 1
513.92000000 0.35966518 0.35222146 1
513.96000000 0.35146377 0.35430174 1
514.00000000 0.36069423 0.35637994 1
514.04000000 0.36547977 0.35845602 1
514.08000000 0.36771889 0.36052993 1
514.12000000 0.36986771 0.36260164 1
514.16000000 0.37117100 0.36467109 1
514.20000000 0.38233202 0.36673824 1
514.24000000 0.37865635 0.36880307 1
514.28000000 0.38046283 0.37086552 1
514.32000000 0.37492199 0.37292557 1
514.36000000 0.36621691 0.37498316 1
514.40000000 0.38180385 0.37703827 1
514.44000000 0.37173664 0.37909087 1
514.48000000 0.38189194 0.38114090 1
514.52000000 0.38269900 0.38318835 1
514.56000000 0.39093343 0.38523317 1
514.60000000 0.38853825 0.38727534 1
514.64000000 0.39682484 0.38931483 1
514.68000000 0.40224474 0.39135159 1
514.72000000 0.40701290 0.39338561 1
514.76000000 0.38659837 0.39541685 1
514.80000000 0.40362718 0.39744528 1
514.84000000 0.40909058 0.39947088 1
514.88000000 0.38827933 0.40149362 1
514.92000000 0.40975288 0.40351348 1
514.96000000 0.41026875 0.40553042 1
515.00000000 0.40973437 0.40754443 1
515.04000000 0.41749905 0.40955548 1
515.08000000 0.42834177 0.41156354 1
515.12000000 0.41080987 0.41356860 1
515.16000000 0.42202310 0.41557063 1
515.20000000 0.43058714 0.41756962 1
515.24000000 0.42936406 0.41956554 1
515.28000000 0.41699472 0.42155838 1
515.32000000 0.41503181 0.42354811 1
515.36000000 0.42744598 0.42553471 1
515.40000000 0.42936650 0.42751818 1
515.44000000 0.45084553 0.42949850 1
515.48000000 0.42697138 0.43147565 1
515.52000000 0.44015511 0.43344961 1
515.56000000 0.45532172 0.43542037 1
515.60000000 0.44392280 0.43738792 1
515.64000000 0.43502297 0.43935225 1
515.68000000 0.45718903 0.44131334 1
515.72000000 0.44564159 0.44327119 1
515.76000000 0.46518518 0.44522577 1
515.80000000 0.44504908 0.44717710 1
515.84000000 0.46872749 0.44912515 1
515.88000000 0.45840088 0.45106991 1
515.92000000 0.45050546 0.45301139 1
515.96000000 0.46611911 0.45494956 1
516.00000000 0.46484938 0.45688444 1
516.04000000 0.46478126 0.45881601 1
516.08000000 0.48287260 0.46074426 1
516.12000000 0.45903964 0.46266920 1
516.16000000 0.47434843 0.46459083 1
516.20000000 0.48600777 0.46650913 1
516.24000000 0.47843503 0.46842410 1
516.28000000 0.46473745 0.47033576 1
516.32000000 0.47374952 0.47224408 1
516.36000000 0.47166769 0.47414909 1
516.40000000 0.47656092 0.47605077 1
516.44000000 0.49766155 0.47794913 1
516.48000000 0.48116368 0.47984418 1
516.52000000 0.48537427 0.48173591 1
516.56000000 0.48751610 0.48362433 1
516.60000000 0.50288868 0.48550944 1
516.64000000 0.50451647 0.48739125 1
516.68000000 0.48337293 0.48926977 1
516.72000000 0.49830413 0.49114500 1
516.76000000 0.49660511 0.49301695 1
516.80000000 0.48489827 0.49488562 1
516.84000000 0.47331012 0.49675104 1
516.88000000 0.51633991 0.49861319 1
516.92000000 0.50420276 0.50047211 1
516.96000000 0.51764866 0.50232779 1
517.00000000 0.51978150 0.50418025 1
517.04000000 0.51892146 0.50602951 1
517.08000000 0.51487977 0.50787556 1
517.12000000 0.51436651 0.50971844 1
517.16000000 0.52927251 0.51155815 1
517.20000000 0.52329371 0.51339470 1
517.24000000 0.52896195 0.51522812 1
517.28000000 0.52525139 0.51705842 1
517.32000000 0.51032052 0.51888562 1
517.36000000 0.50753930 0.52070973 1
517.40000000 0.52150694 0.52253078 1
517.44000000 0.52059896 0.52434879 1
517.48000000 0.53315211 0.52616377 1
517.52000000 0.53393757 0.52797574 1
517.56000000 0.53044281 0.52978473 1
517.60000000 0.53125211 0.53159076 1
517.64000000 0.53819263 0.53339386 1
517.68000000 0.54902252 0.53519404 1
517.72000000 0.54130089 0.53699134 1
517.76000000 0.55365891 0.53878577 1
517.80000000 0.55995852 0.54057737 1
517.84000000 0.54384793 0.54236616 1
517.88000000 0.55470773 0.54415217 1
517.92000000 0.54472069 0.54593543 1
517.96000000 0.54698210 0.54771597 1
518.00000000 0.55516623 0.54949382 1
518.04000000 0.56303822 0.55126901 1
518.08000000 0.56517864 0.55304157 1
518.12000000 0.55948409 0.55481154 1
518.16000000 0.56885517 0.55657894 1
518.20000000 0.55807276 0.55834382 1
518.24000000 0.58526877 0.56010621 1
518.28000000 0.57054514 0.56186615 1
518.32000000 0.57892284 0.56362367 1
518.36000000 0.56836478 0.56537882 1
518.40000000 0.57954364 0.56713162 1
518.44000000 0.57127988 0.56888213 1
518.48000000 0.57866531 0.57063038 1
518.52000000 0.59568862 0.57237642 1
518.56000000 0.56934295 0.57412029 1
518.60000000 0.57593157 0.57586203 1
518.64000000 0.58986068 0.57760169 1
518.68000000 0.59019075 0.57933931 1
518.72000000 0.56535202 0.58107494 1
518.76000000 0.57905449 0.58280864 1
518.80000000 0.60466777 0.58454045 1
518.84000000 0.59673047 0.58627042 1
518.88000000 0.60197719 0.58799860 1
518.92000000 0.59842302 0.58972504 1
518.96000000 0.58738392 0.59144981 1
519.00000000 0.58826255 0.59317295 1
519.04000000 0.59539357 0.59489453 1
519.08000000 0.60520508 0.59661459 1
519.12000000 0.58690114 0.59833321 1
519.16000000 0.59763234 0.60005043 1
519.20000000 0.61158210 0.60176632 1
519.24000000 0.60615386 0.60348095 1
519.28000000 0.62253663 0.60519438 1
519.32000000 0.62034213 0.60690668 1
519.36000000 0.62241503 0.60861790 1
519.40000000 0.62130421 0.61032813 1
519.44000000 0.61728573 0.61203743 1
519.48000000 0.61812510 0.61374588 1
519.52000000 0.62102601 0.61545354 1
519.56000000 0.61210543 0.61716050 1
519.60000000 0.62854588 0.61886683 1
519.64000000 0.62321495 0.62057261 1
519.68000000 0.63761426 0.62227791 1
519.72000000 0.61392376 0.62398283 1
519.76000000 0.62996639 0.62568744 1
519.80000000 0.63414188 0.62739184 1
519.84000000 0.60459179 0.62909611 1
519.88000000 0.63535149 0.63080033 1
519.92000000 0.62412557 0.63250461 1
519.96000000 0.64535968 0.63420904 1
520.00000000 0.62810573 0.63591370 1
520.04000000 0.65173247 0.63761871 1
520.08000000 0.63849758 0.63932416 1
520.12000000 0.63777068 0.64103016 1
520.16000000 0.65392088 0.64273680 1
520.20000000 0.65121299 0.64444421 1
520.24000000 0.65884110 0.64615249 1
520.28000000 0.64261026 0.64786174 1
520.32000000 0.67002432 0.64957210 1
520.36000000 0.67242802 0.65128367 1
520.40000000 0.66830494 0.65299659 1
520.44000000 0.65905374 0.65471097 1
520.48000000 0.65912345 0.65642694 1
520.52000000 0.67109346 0.65814463 1
520.56000000 0.66763960 0.65986418 1
520.60000000 0.67182494 0.66158572 1
520.64000000 0.66423636 0.66330940 1
520.68000000 0.67202299 0.66503535 1
520.72000000 0.66418086 0.66676373 1
520.76000000 0.67563617 0.66849470 1
520.80000000 0.66240937 0.67022839 1
520.84000000 0.66046024 0.67196498 1
520.88000000 0.65670744 0.67370463 1
520.92000000 0.67512135 0.67544750 1
520.96000000 0.67458234 0.67719377 1
521.00000000 0.69159690 0.67894362 1
521.04000000 0.68569336 0.68069723 1
521.08000000 0.67139231 0.68245478 1
521.12000000 0.68795856 0.68421646 1
521.16000000 0.68874547 0.68598248 1
521.20000000 0.67941771 0.68775303 1
521.24000000 0.70685821 0.68952832 1
521.28000000 0.68770994 0.69130857 1
521.32000000 0.67893360 0.69309399 1
521.36000000 0.68983810 0.69488482 1
521.40000000 0.69677884 0.69668128 1
521.44000000 0.69616886 0.69848361 1
521.48000000 0.71321028 0.70029206 1
521.52000000 0.69975285 0.70210687 1
521.56000000 0.71169596 0.70392832 1
521.60000000 0.71535120 0.70575666 1
521.64000000 0.71063233 0.70759218 1
521.68000000 0.69741964 0.70943515 1
521.72000000 0.73812465 0.71128586 1
521.76000000 0.72325798 0.71314463 1
521.80000000 0.70524479 0.71501175 1
521.84000000 0.72531111 0.71688754 1
521.88000000 0.71903219 0.71877234 1
521.92000000 0.70938041 0.72066648 1
521.96000000 0.73001961 0.72257032 1
522.00000000 0.71303498 0.72448420 1
522.04000000 0.72152852 0.72640851 1
522.08000000 0.76407075 0.72834362 1
522.12000000 0.74096512 0.73028992 1
522.16000000 0.73480280 0.73224783 1
522.20000000 0.75178883 0.73421777 1
522.24000000 0.74494360 0.73620016 1
522.28000000 0.74104127 0.73819546 1
522.32000000 0.75852384 0.74020413 1
522.36000000 0.76382551 0.74222663 1
522.40000000 0.76309304 0.74426347 1
522.44000000 0.72290389 0.74631514 1
522.48000000 0.76302008 0.74838218 1
522.52000000 0.77275313 0.75046513 1
522.56000000 0.76655143 0.75256453 1
522.60000000 0.75652969 0.75468097 1
522.64000000 0.76827846 0.75681504 1
522.68000000 0.74462245 0.75896735 1
522.72000000 0.78703786 0.76113854 1
522.76000000 0.76491160 0.76332927 1
522.80000000 0.78422526 0.76554020 1
522.84000000 0.77142285 0.76777204 1
522.88000000 0.77804291 0.77002550 1
522.92000000 0.77547612 0.77230132 1
522.96000000 0.77575615 0.77460028 1
523.00000000 0.76488768 0.77692314 1
523.04000000 0.78209658 0.77927073 1
523.08000000 0.78199693 0.78164389 1
523.12000000 0.78510451 0.78404346 1
523.16000000 0.78623812 0.78647034 1
523.20000000 0.80316662 0.78892544 1
523.24000000 0.78502378 0.79140968 1
523.28000000 0.80119274 0.79392402 1
523.32000000 0.79390154 0.79646945 1
523.36000000 0.80703832 0.79904695 1
523.40000000 0.80454140 0.80165756 1
523.44000000 0.79426841 0.80430231 1
523.48000000 0.80994468 0.80698226 1
523.52000000 0.81836386 0.80969847 1
523.56000000 0.84450928 0.81245203 1
523.60000000 0.84877052 0.81524403 1
523.64000000 0.80536789 0.81807555 1
523.68000000 0.83787023 0.82094766 1
523.72000000 0.83007431 0.82386143 1
523.76000000 0.81712422 0.82681791 1
523.80000000 0.81238089 0.82981810 1
523.84000000 0.81737911 0.83286295 1
523.88000000 0.83214210 0.83595335 1
523.92000000 0.83297226 0.83909011 1
523.96000000 0.84310230 0.84227392 1
524.00000000 0.84879030 0.84550534 1
524.04000000 0.82448652 0.84878474 1
524.08000000 0.85083528 0.85211231 1
524.12000000 0.85133793 0.85548793 1
524.16000000 0.85552056 0.85891122 1
524.20000000 0.85761970 0.86238137 1
524.24000000 0.87288339 0.86589710 1
524.28000000 0.85851408 0.86945659 1
524.32000000 0.86963366 0.87305730 1
524.36000000 0.87870274 0.87669589 1
524.40000000 0.88554015 0.88036799 1
524.44000000 0.90454230 0.88406807 1
524.48000000 0.91181833 0.88778910 1
524.52000000 0.92255189 0.89152234 1
524.56000000 0.87920966 0.89525695 1
524.60000000 0.92037271 0.89897954 1
524.64000000 0.89978975 0.90267369 1
524.68000000 0.90727169 0.90631929 1
524.72000000 0.92086692 0.90989177 1
524.76000000 0.92514538 0.91336123 1
524.80000000 0.90824188 0.91669124 1
524.84000000 0.95353861 0.91983755 1
524.88000000 0.93262706 0.92274640 1
524.92000000 0.91904092 0.92535252 1
524.96000000 0.92540533 0.92757672 1
525.00000000 0.92451012 0.92932298 1
525.04000000 0.92756633 0.93047495 1
525.08000000 0.93424657 0.93089176 1
525.12000000 0.92286262 0.93040310 1
525.16000000 0.94337845 0.92880350 1
525.20000000 0.94041700 0.92584580 1
525.24000000 0.89715127 0.92123388 1
525.28000000 0.92543994 0.91461508 1
525.32000000 0.91164311 0.90557280 1
525.36000000 0.92590124 0.89362042 1
525.40000000 0.90770474 0.87819836 1
525.44000000 0.86158768 0.85867711 1
525.48000000 0.81190622 0.83437033 1
525.52000000 0.80700372 0.80456337 1
525.56000000 0.75319219 0.76856403 1
525.60000000 0.73786812 0.72578183 1
525.64000000 0.71258722 0.67583999 1
525.68000000 0.64283028 0.61871700 1
525.72000000 0.54737966 0.55490270 1
525.76000000 0.48360442 0.48553624 1
525.80000000 0.41969790 0.41247765 1
525.84000000 0.32569317 0.33825960 1
525.88000000 0.28593968 0.26588527 1
525.92000000 0.18344054 0.19848340 1
525.96000000 0.12785418 0.13889009 1
526.00000000 0.08971312 0.08926655 1
526.04000000 0.05804647 0.05085666 1
526.08000000 0.02545181 0.02393691 1
526.12000000 0.01693483 0.00794253 1
526.16000000 0.00582802 0.00170327 1
526.20000000 0.00652896 0.00370908 1
526.24000000 0.00965268 0.01234416 1
526.28000000 0.01699609 0.02605790 1
526.32000000 0.05325598 0.04346812 1
526.36000000 0.06757477 0.06340804 1
526.40000000 0.09792295 0.08493356 1
526.44000000 0.12041952 0.10730710 1
526.48000000 0.13738847 0.12996993 1
526.52000000 0.17215470 0.15251114 1
526.56000000 0.17903710 0.17463793 1
526.60000000 0.19670879 0.19614938 1
526.64000000 0.22663157 0.21691455 1
526.68000000 0.23799828 0.23685476 1
526.72000000 0.25829876 0.25592977 1
526.76000000 0.28334803 0.27412698 1
526.80000000 0.30828299 0.29145334 1
526.84000000 0.31589742 0.30792920 1
526.88000000 0.31650914 0.32358382 1
526.92000000 0.34300809 0.33845200 1
526.96000000 0.34641178 0.35257171 1
527.00000000 0.37423575 0.36598232 1
527.04000000 0.38979937 0.37872341 1
527.08000000 0.40261858 0.39083391 1
527.12000000 0.41706145 0.40235155 1
527.16000000 0.41034863 0.41331249 1
527.20000000 0.42909995 0.42375111 1
527.24000000 0.43657214 0.43369991 1
527.28000000 0.43505989 0.44318943 1
527.32000000 0.46003977 0.45224833 1
527.36000000 0.45283732 0.46090339 1
527.40000000 0.47163427 0.46917960 1
527.44000000 0.48092475 0.47710027 1
527.48000000 0.48979693 0.48468708 1
527.52000000 0.48884231 0.49196021 1
527.56000000 0.49910981 0.49893844 1
527.60000000 0.49669333 0.50563923 1
527.64000000 0.49143488 0.51207880 1
527.68000000 0.53228044 0.51827228 1
527.72000000 0.50973303 0.52423370 1
527.76000000 0.55413597 0.52997617 1
527.80000000 0.54499779 0.53551186 1
527.84000000 0.55735863 0.54085212 1
527.88000000 0.54430787 0.54600756 1
527.92000000 0.56563599 0.55098804 1
527.96000000 0.55470959 0.55580279 1
528.00000000 0.56862745 0.56046043 1
528.04000000 0.58401078 0.56496900 1
528.08000000 0.58452575 0.56933606 1
528.12000000 0.58582939 0.57356864 1
528.16000000 0.58040820 0.57767336 1
528.20000000 0.58226225 0.58165643 1
528.24000000 0.58548687 0.58552365 1
528.28000000 0.57948960 0.58928049 1
528.32000000 0.56941912 0.59293208 1
528.36000000 0.60738903 0.59648324 1
528.40000000 0.57799560 0.59993852 1
528.44000000 0.59784351 0.60330220 1
528.48000000 0.63202164 0.60657829 1
528.52000000 0.61285793 0.60977062 1
528.56000000 0.62052608 0.61288275 1
528.60000000 0.62089411 0.61591808 1
528.64000000 0.60641088 0.61887981 1
528.68000000 0.62183269 0.62177096 1
528.72000000 0.61335369 0.62459441 1
528.76000000 0.62903574 0.62735285 1
528.80000000 0.63705594 0.63004887 1
528.84000000 0.64793772 0.63268489 1
528.88000000 0.67168559 0.63526323 1
528.92000000 0.63922830 0.63778608 1
528.96000000 0.64891189 0.64025552 1
529.00000000 0.63201541 0.64267353 1
529.04000000 0.65754531 0.64504199 1
529.08000000 0.65766643 0.64736270 1
529.12000000 0.65863370 0.64963735 1
529.16000000 0.64903334 0.65186758 1
529.20000000 0.64358112 0.65405492 1
529.24000000 0.67398890 0.65620085 1
529.28000000 0.64595770 0.65830678 1
529.32000000 0.66629158 0.66037405 1
529.36000000 0.65324813 0.66240394 1
529.40000000 0.66991795 0.66439768 1
529.44000000 0.67210588 0.66635643 1
529.48000000 0.66429267 0.66828132 1
529.52000000 0.68668628 0.67017341 1
529.56000000 0.67253781 0.67203374 1
529.60000000 0.65837917 0.67386328 1
529.64000000 0.68352489 0.67566297 1
529.68000000 0.68773181 0.67743371 1
529.72000000 0.69320833 0.67917637 1
529.76000000 0.68405850 0.68089178 1
529.80000000 0.67700124 0.68258072 1
529.84000000 0.69611054 0.68424397 1
529.88000000 0.66860336 0.68588225 1
529.92000000 0.70962210 0.68749628 1
529.96000000 0.70045935 0.68908672 1
530.00000000 0.67660014 0.69065422 1
530.04000000 0.70427277 0.69219943 1
530.08000000 0.68544483 0.69372292 1
530.12000000 0.68910015 0.69522529 1
530.16000000 0.69667951 0.69670710 1
530.20000000 0.73725833 0.69816887 1
530.24000000 0.69551051 0.69961114 1
530.28000000 0.70598731 0.70103439 1
530.32000000 0.70979103 0.70243911 1
530.36000000 0.70055005 0.70382576 1
530.40000000 0.72107590 0.70519479 1
530.44000000 0.69471049 0.70654664 1
530.48000000 0.68791065 0.70788172 1
530.52000000 0.69293073 0.70920043 1
530.56000000 0.71317535 0.71050317 1
530.60000000 0.70288834 0.71179030 1
530.64000000 0.70687290 0.71306220 1
530.68000000 0.70962763 0.71431921 1
530.72000000 0.70889715 0.71556167 1
530.76000000 0.69913611 0.71678992 1
530.80000000 0.68938660 0.71800427 1
530.84000000 0.71153191 0.71920503 1
530.88000000 0.70686311 0.72039250 1
530.92000000 0.70817210 0.72156697 1
530.96000000 0.69765502 0.72272871 1
531.00000000 0.71568279 0.72387801 1
531.04000000 0.71653500 0.72501511 1
531.08000000 0.72644495 0.72614028 1
531.12000000 0.71682323 0.72725377 1
531.16000000 0.70275789 0.72835581 1
531.20000000 0.72746387 0.72944663 1
531.24000000 0.74373555 0.73052647 1
531.28000000 0.71845737 0.73159554 1
531.32000000 0.74414619 0.73265405 1
531.36000000 0.73814276 0.73370222 1
531.40000000 0.73056965 0.73474023 1
531.44000000 0.74844352 0.73576829 1
531.48000000 0.75422303 0.73678659 1
531.52000000 0.71859864 0.73779531 1
531.56000000 0.74076112 0.73879462 1
531.60000000 0.72799803 0.73978471 1
531.64000000 0.74590983 0.74076575 1
531.68000000 0.73885935 0.74173789 1
531.72000000 0.71119856 0.74270130 1
531.76000000 0.73335161 0.74365613 1
531.80000000 0.73684064 0.74460254 1
531.84000000 0.73200830 0.74554067 1
531.88000000 0.73680211 0.74647068 1
531.92000000 0.73571248 0.74739269 1
531.96000000 0.74494294 0.74830684 1
532.00000000 0.72384405 0.74921328 1
532.04000000 0.73339168 0.75011212 1
532.08000000 0.75537415 0.75100350 1
532.12000000 0.73783504 0.75188753 1
532.16000000 0.73948776 0.75276435 1
532.20000000 0.75170011 0.75363406 1
532.24000000 0.75467849 0.75449678 1
532.28000000 0.76348824 0.75535262 1
532.32000000 0.76004660 0.75620169 1
532.36000000 0.72405196 0.75704410 1
532.40000000 0.75594346 0.75787996 1
532.44000000 0.74292096 0.75870935 1
532.48000000 0.76185070 0.75953239 1
532.52000000 0.72591964 0.76034916 1
532.56000000 0.75022933 0.76115977 1
532.60000000 0.75037341 0.76196430 1
532.64000000 0.75109657 0.76276285 1
532.68000000 0.77142064 0.76355550 1
532.72000000 0.76040061 0.76434234 1
532.76000000 0.76850465 0.76512345 1
532.80000000 0.75762326 0.76589892 1
532.84000000 0.76233508 0.76666882 1
532.88000000 0.77939350 0.76743324 1
532.92000000 0.76017388 0.76819226 1
532.96000000 0.73370015 0.76894594 1
533.00000000 0.74198879 0.76969436 1
533.04000000 0.76313524 0.77043759 1
533.08000000 0.77256600 0.77117571 1
533.12000000 0.76240802 0.77190878 1
533.16000000 0.74762430 0.77263687 1
533.20000000 0.76153045 0.77336004 1
533.24000000 0.77999178 0.77407837 1
533.28000000 0.76569816 0.77479192 1
533.32000000 0.76765059 0.77550074 1
533.36000000 0.74565037 0.77620490 1
533.40000000 0.77905380 0.77690446 1
533.44000000 0.76961286 0.77759947 1
533.48000000 0.77479465 0.77829000 1
533.52000000 0.78713544 0.77897610 1
533.56000000 0.76454195 0.77965782 1
533.60000000 0.76850897 0.78033523 1
533.64000000 0.77334827 0.78100836 1
533.68000000 0.77983244 0.78167728 1
533.72000000 0.79096761 0.78234204 1
533.76000000 0.77713155 0.78300268 1
533.80000000 0.78511716 0.78365926 1
533.84000000 0.76423303 0.78431181 1
533.88000000 0.78882149 0.78496040 1
533.92000000 0.79230972 0.78560507 1
533.96000000 0.80466227 0.78624585 1
534.00000000 0.77684005 0.78688281 1
534.04000000 0.76665455 0.78751597 1
534.08000000 0.77747436 0.78814539 1
534.12000000 0.77648363 0.78877110 1
534.16000000 0.78379461 0.78939315 1
534.20000000 0.78731683 0.79001158 1
534.24000000 0.76907146 0.79062642 1
534.28000000 0.80679980 0.79123773 1
534.32000000 0.78904177 0.79184553 1
534.36000000 0.77045790 0.79244986 1
534.40000000 0.78050927 0.79305077 1
534.44000000 0.78728896 0.79364828 1
534.48000000 0.78416694 0.79424244 1
534.52000000 0.80957456 0.79483327 1
534.56000000 0.79542969 0.79542082 1
534.60000000 0.78346076 0.79600512 1
534.64000000 0.79710443 0.79658621 1
534.68000000 0.77995124 0.79716410 1
534.72000000 0.79374849 0.79773885 1
534.76000000 0.79331971 0.79831048 1
534.80000000 0.78695504 0.79887901 1
534.84000000 0.78149454 0.79944450 1
534.88000000 0.77175608 0.80000695 1
534.92000000 0.78244606 0.80056641 1
534.96000000 0.78655555 0.80112290 1
535.00000000 0.81129955 0.80167645 1
535.04000000 0.79236597 0.80222710 1
535.08000000 0.79616754 0.80277486 1
535.12000000 0.80923324 0.80331977 1
535.16000000 0.77867361 0.80386185 1
535.20000000 0.79327636 0.80440113 1
535.24000000 0.79386206 0.80493764 1
535.28000000 0.78902872 0.80547141 1
535.32000000 0.77940564 0.80600245 1
535.36000000 0.79211173 0.80653080 1
535.40000000 0.80079808 0.80705647 1
535.44000000 0.78823507 0.80757950 1
535.48000000 0.82152645 0.80809991 1
535.52000000 0.81097916 0.80861772 1
535.56000000 0.79766091 0.80913296 1
535.60000000 0.79871544 0.80964564 1
535.64000000 0.81275914 0.81015580 1
535.68000000 0.80155119 0.81066345 1
535.72000000 0.79153273 0.81116861 1
535.76000000 0.80324526 0.81167131 1
535.80000000 0.81217313 0.81217157 1
535.84000000 0.81289621 0.81266941 1
535.88000000 0.82555001 0.81316486 1
535.92000000 0.80205116 0.81365792 1
535.96000000 0.79220536 0.81414863 1
536.00000000 0.80347852 0.81463700 1
536.04000000 0.81742585 0.81512305 1
536.08000000 0.80908850 0.81560680 1
536.12000000 0.82721510 0.81608828 1
536.16000000 0.80813532 0.81656749 1
536.20000000 0.82223385 0.81704446 1
536.24000000 0.83424999 0.81751921 1
536.28000000 0.80229649 0.81799176 1
536.32000000 0.79607781 0.81846212 1
536.36000000 0.82012265 0.81893031 1
536.40000000 0.82206827 0.81939634 1
536.44000000 0.79905145 0.81986025 1
536.48000000 0.81540461 0.82032203 1
536.52000000 0.80281009 0.82078172 1
536.56000000 0.80752861 0.82123932 1
536.60000000 0.82424439 0.82169486 1
536.64000000 0.81619406 0.82214835 1
536.68000000 0.81741104 0.82259980 1
536.72000000 0.82335252 0.82304923 1
536.76000000 0.81134621 0.82349665 1
536.80000000 0.81894752 0.82394209 1
536.84000000 0.79882650 0.82438556 1
536.88000000 0.82467854 0.82482707 1
536.92000000 0.80478974 0.82526664 1
536.96000000 0.82687141 0.82570428 1
537.00000000 0.82573309 0.82614000 1
537.04000000 0.81290883 0.82657383 1
537.08000000 0.80946100 0.82700577 1
537.12000000 0.82844347 0.82743583 1
537.16000000 0.80843269 0.82786405 1
537.20000000 0.81833698 0.82829041 1
537.24000000 0.81873064 0.82871495 1
537.28000000 0.83626330 0.82913767 1
537.32000000 0.81787002 0.82955859 1
537.36000000 0.81838454 0.82997771 1
537.40000000 0.82492652 0.83039506 1
537.44000000 0.81668644 0.83081064 1
537.48000000 0.82772345 0.83122447 1
537.52000000 0.82323321 0.83163656 1
537.56000000 0.80837529 0.83204692 1
537.60000000 0.80244032 0.83245557 1
537.64000000 0.81114759 0.83286251 1
537.68000000 0.82891148 0.83326776 1
537.72000000 0.84189063 0.83367133 1
537.76000000 0.81546730 0.83407324 1
537.80000000 0.82058127 0.83447348 1
537.84000000 0.82759329 0.83487208 1
537.88000000 0.84073409 0.83526905 1
537.92000000 0.82366407 0.83566439 1
537.96000000 0.81239199 0.83605812 1
538.00000000 0.82899560 0.83645025 1
538.04000000 0.81406596 0.83684079 1
538.08000000 0.81990316 0.83722975 1
538.12000000 0.84851069 0.83761713 1
538.16000000 0.83209264 0.83800296 1
538.20000000 0.83073455 0.83838725 1
538.24000000 0.82680714 0.83876999 1
538.28000000 0.81847842 0.83915120 1
538.32000000 0.82362779 0.83953090 1
538.36000000 0.83765303 0.83990909 1
538.40000000 0.84179589 0.84028578 1
538.44000000 0.83448487 0.84066098 1
538.48000000 0.83021752 0.84103470 1
538.52000000 0.83072415 0.84140695 1
538.56000000 0.83401818 0.84177774 1
538.60000000 0.83469378 0.84214708 1
538.64000000 0.83155587 0.84251498 1
538.68000000 0.84707872 0.84288144 1
538.72000000 0.84329342 0.84324648 1
538.76000000 0.83005282 0.84361011 1
538.80000000 0.82877285 0.84397233 1
538.84000000 0.86355989 0.84433315 1
538.88000000 0.85815962 0.84469259 1
538.92000000 0.85657055 0.84505064 1
538.96000000 0.84863171 0.84540733 1
539.00000000 0.83730456 0.84576265 1
539.04000000 0.82472767 0.84611661 1
539.08000000 0.85038418 0.84646923 1
539.12000000 0.84041948 0.84682051 1
539.16000000 0.83722055 0.84717046 1
539.20000000 0.84658797 0.84751909 1
539.24000000 0.83351732 0.84786640 1
539.28000000 0.83556746 0.84821241 1
539.32000000 0.84224685 0.84855712 1
539.36000000 0.83919333 0.84890054 1
539.40000000 0.86410692 0.84924268 1
539.44000000 0.83961564 0.84958354 1
539.48000000 0.85496454 0.84992313 1
539.52000000 0.83986500 0.85026146 1
539.56000000 0.86210843 0.85059854 1
539.60000000 0.82483135 0.85093438 1
539.64000000 0.84933165 0.85126897 1
539.68000000 0.84704880 0.85160233 1
539.72000000 0.84719734 0.85193447 1
539.76000000 0.85986253 0.85226540 1
539.80000000 0.84129112 0.85259511 1
539.84000000 0.84704917 0.85292362 1
539.88000000 0.85274821 0.85325093 1
539.92000000 0.84491570 0.85357705 1
539.96000000 0.87104118 0.85390199 1
540.00000000 0.84340170 0.85422576 1
540.04000000 0.84399262 0.85454835 1
540.08000000 0.85996224 0.85486978 1
540.12000000 0.86234231 0.85519006 1
540.16000000 0.85990017 0.85550919 1
540.20000000 0.84693197 0.85582717 1
540.24000000 0.85046088 0.85614402 1
540.28000000 0.85874534 0.85645973 1
540.32000000 0.82761601 0.85677432 1
540.36000000 0.83794812 0.85708779 1
540.40000000 0.84307008 0.85740015 1
540.44000000 0.87123523 0.85771141 1
540.48000000 0.87521534 0.85802156 1
540.52000000 0.85927746 0.85833062 1
540.56000000 0.85227450 0.85863859 1
540.60000000 0.86223469 0.85894548 1
540.64000000 0.86770435 0.85925129 1
540.68000000 0.85720870 0.85955604 1
540.72000000 0.85928118 0.85985972 1
540.76000000 0.86597294 0.86016233 1
540.80000000 0.82300705 0.86046390 1
540.84000000 0.85341936 0.86076442 1
540.88000000 0.85262191 0.86106389 1
540.92000000 0.85821705 0.86136233 1
540.96000000 0.84904488 0.86165974 1
541.00000000 0.86896302 0.86195612 1
541.04000000 0.86873116 0.86225148 1
541.08000000 0.86242851 0.86254583 1
541.12000000 0.86011168 0.86283916 1
541.16000000 0.85363871 0.86313149 1
541.20000000 0.87094854 0.86342283 1
541.24000000 0.85189639 0.86371316 1
541.28000000 0.86382053 0.86400251 1
541.32000000 0.85611448 0.86429088 1
541.36000000 0.86134793 0.86457826 1
541.40000000 0.86867043 0.86486468 1
541.44000000 0.85023427 0.86515012 1
541.48000000 0.86026943 0.86543460 1
541.52000000 0.86499286 0.86571812 1
541.56000000 0.85288862 0.86600069 1
541.60000000 0.85982897 0.86628231 1
541.64000000 0.86424523 0.86656298 1
541.68000000 0.85402911 0.86684271 1
541.72000000 0.87425184 0.86712151 1
541.76000000 0.86330395 0.86739938 1
541.80000000 0.84851014 0.86767632 1
541.84000000 0.85393262 0.86795234 1
541.88000000 0.86202591 0.86822745 1
541.92000000 0.84454056 0.86850164 1
541.96000000 0.85686666 0.86877493 1
542.00000000 0.86147950 0.86904731 1
542.04000000 0.87582662 0.86931880 1
542.08000000 0.88814077 0.86958939 1
542.12000000 0.86799653 0.86985909 1
542.16000000 0.86341444 0.87012791 1
542.20000000 0.85554790 0.87039584 1
542.24000000 0.85277809 0.87066290 1
542.28000000 0.86320163 0.87092909 1
542.32000000 0.86229811 0.87119441 1
542.36000000 0.86517985 0.87145886 1
542.40000000 0.87000543 0.87172246 1
542.44000000 0.85094188 0.87198520 1
542.48000000 0.87284486 0.87224708 1
542.52000000 0.87398588 0.87250812 1
542.56000000 0.85892379 0.87276832 1
542.60000000 0.88511934 0.87302768 1
542.64000000 0.86690310 0.87328620 1
542.68000000 0.86716007 0.87354389 1
542.72000000 0.86081930 0.87380076 1
542.76000000 0.86797405 0.87405680 1
542.80000000 0.85762764 0.87431202 1
542.84000000 0.86703955 0.87456642 1
542.88000000 0.85546513 0.87482002 1
542.92000000 0.85964864 0.87507280 1
542.96000000 0.88298262 0.87532478 1
543.00000000 0.86674675 0.87557596 1
543.04000000 0.86695229 0.87582635 1
543.08000000 0.86791160 0.87607594 1
543.12000000 0.87038177 0.87632474 1
543.16000000 0.88694550 0.87657276 1
543.20000000 0.87980865 0.87681999 1
543.24000000 0.88122490 0.87706645 1
543.28000000 0.86977463 0.87731213 1
543.32000000 0.87230700 0.87755704 1
543.36000000 0.86141681 0.87780118 1
543.40000000 0.86001953 0.87804456 1
543.44000000 0.85882959 0.87828717 1
543.48000000 0.86863536 0.87852903 1
543.52000000 0.86090051 0.87877014 1
543.56000000 0.88036437 0.87901049 1
543.60000000 0.86071035 0.87925010 1
543.64000000 0.88229161 0.87948896 1
543.68000000 0.86177513 0.87972709 1
543.72000000 0.86424347 0.87996448 1
543.76000000 0.85470734 0.88020113 1
543.80000000 0.86362447 0.88043705 1
543.84000000 0.88446619 0.88067225 1
543.88000000 0.88100539 0.88090672 1
543.92000000 0.87856545 0.88114047 1
543.96000000 0.85003428 0.88137351 1
544.00000000 0.89015040 0.88160583 1
544.04000000 0.89510241 0.88183744 1
544.08000000 0.87710528 0.88206834 1
544.12000000 0.88113700 0.88229853 1
544.16000000 0.85388491 0.88252803 1
544.20000000 0.88153634 0.88275683 1
544.24000000 0.86738484 0.88298493 1
544.28000000 0.87564541 0.88321234 1
544.32000000 0.86890458 0.88343906 1
544.36000000 0.86704195 0.88366509 1
544.40000000 0.89200180 0.88389044 1
544.44000000 0.89437855 0.88411511 1
544.48000000 0.89357873 0.88433910 1
544.52000000 0.88142697 0.88456242 1
544.56000000 0.89099065 0.88478506 1
544.60000000 0.89327463 0.88500704 1
544.64000000 0.86680735 0.88522835 1
544.68000000 0.87857153 0.88544900 1
544.72000000 0.88250243 0.88566899 1
544.76000000 0.88173478 0.88588832 1
544.80000000 0.84485626 0.88610700 1
544.84000000 0.88463720 0.88632502 1
544.88000000 0.88409407 0.88654240 1
544.92000000 0.87563571 0.88675913 1
544.96000000 0.86035619 0.88697522 1
545.00000000 0.88284932 0.88719066 1
545.04000000 0.89444770 0.88740547 1
545.08000000 0.86468077 0.88761964 1
545.12000000 0.88743968 0.88783319 1
545.16000000 0.86384824 0.88804610 1
545.20000000 0.86620255 0.88825838 1
545.24000000 0.88168297 0.88847004 1
545.28000000 0.86325645 0.88868108 1
545.32000000 0.87891242 0.88889150 1
545.36000000 0.88127831 0.88910130 1
545.40000000 0.87713073 0.88931049 1
545.44000000 0.87726097 0.88951906 1
545.48000000 0.89294360 0.88972703 1
545.52000000 0.86983480 0.88993439 1
545.56000000 0.88174456 0.89014115 1
545.60000000 0.87505066 0.89034730 1
545.64000000 0.87585754 0.89055286 1
545.68000000 0.89709693 0.89075782 1
545.72000000 0.88341658 0.89096219 1
545.76000000 0.88358647 0.89116596 1
545.80000000 0.87042297 0.89136915 1
545.84000000 0.89552082 0.89157175 1
545.88000000 0.86589450 0.89177376 1
545.92000000 0.87765895 0.89197519 1
545.96000000 0.88171295 0.89217605 1
546.00000000 0.89156351 0.89237632 1
546.04000000 0.87784785 0.89257602 1
546.08000000 0.90473829 0.89277515 1
546.12000000 0.86840666 0.89297371 1
546.16000000 0.90247224 0.89317170 1
546.20000000 0.87254647 0.89336912 1
546.24000000 0.87995698 0.89356599 1
546.28000000 0.86285616 0.89376229 1
546.32000000 0.88103208 0.89395803 1
546.36000000 0.89735167 0.89415321 1
546.40000000 0.86998390 0.89434784 1
546.44000000 0.87507010 0.89454192 1
546.48000000 0.88980058 0.89473545 1
546.52000000 0.90506755 0.89492843 1
546.56000000 0.90700985 0.89512087 1
546.60000000 0.90459630 0.89531276 1
546.64000000 0.90561191 0.89550412 1
546.68000000 0.88566761 0.89569493 1
546.72000000 0.88300101 0.89588520 1
546.76000000 0.87026985 0.89607495 1
546.80000000 0.87898836 0.89626415 1
546.84000000 0.87607326 0.89645283 1
546.88000000 0.88918345 0.89664098 1
546.92000000 0.88920425 0.89682861 1
546.96000000 0.88479544 0.89701571 1
547.00000000 0.89561362 0.89720228 1
547.04000000 0.89772347 0.89738834 1
547.08000000 0.86915502 0.89757388 1
547.12000000 0.90840140 0.89775890 1
547.16000000 0.89830206 0.89794341 1
547.20000000 0.87576423 0.89812741 1
547.24000000 0.89342003 0.89831089 1
547.28000000 0.90012834 0.89849387 1
547.32000000 0.87702418 0.89867635 1
547.36000000 0.88453084 0.89885831 1
547.40000000 0.90289931 0.89903978 1
547.44000000 0.90138024 0.89922075 1
547.48000000 0.88862393 0.89940122 1
547.52000000 0.88776005 0.89958119 1
547.56000000 0.89389970 0.89976066 1
547.60000000 0.88546554 0.89993965 1
547.64000000 0.87127050 0.90011814 1
547.68000000 0.89126324 0.90029615 1
547.72000000 0.87327668 0.90047367 1
547.76000000 0.88780472 0.90065070 1
547.80000000 0.91079295 0.90082725 1
547.84000000 0.88338173 0.90100332 1
547.88000000 0.89504464 0.90117891 1
547.92000000 0.90006909 0.90135402 1
547.96000000 0.92510922 0.90152865 1
548.00000000 0.87794950 0.90170281 1
548.04000000 0.88305768 0.90187650 1
548.08000000 0.91084126 0.90204972 1
548.12000000 0.88884558 0.90222247 1
548.16000000 0.88363427 0.90239476 1
548.20000000 0.90757362 0.90256657 1
548.24000000 0.90234962 0.90273793 1
548.28000000 0.90559657 0.90290882 1
548.32000000 0.89133489 0.90307925 1
548.36000000 0.89500071 0.90324923 1
548.40000000 0.87286230 0.90341875 1
548.44000000 0.91357660 0.90358781 1
548.48000000 0.89014113 0.90375642 1
548.52000000 0.90724841 0.90392458 1
548.56000000 0.90031203 0.90409229 1
548.60000000 0.90028796 0.90425955 1
548.64000000 0.90696293 0.90442636 1
548.68000000 0.90260077 0.90459273 1
548.72000000 0.89970673 0.90475866 1
548.76000000 0.88782818 0.90492414 1
548.80000000 0.88888447 0.90508919 1
548.84000000 0.92185707 0.90525380 1
548.88000000 0.89960313 0.90541797 1
548.92000000 0.89540470 0.90558170 1
548.96000000 0.90729711 0.90574501 1
549.00000000 0.91008299 0.90590788 1
549.04000000 0.89771106 0.90607032 1
549.08000000 0.87809231 0.90623233 1
549.12000000 0.91347016 0.90639391 1
549.16000000 0.90056440 0.90655507 1
549.20000000 0.89848778 0.90671581 1
549.24000000 0.89363105 0.90687612 1
549.28000000 0.90978689 0.90703601 1
549.32000000 0.92538338 0.90719548 1
549.36000000 0.89218554 0.90735454 1
549.40000000 0.91273206 0.90751318 1
549.44000000 0.90147123 0.90767140 1
549.48000000 0.91109582 0.90782921 1
549.52000000 0.90701059 0.90798661 1
549.56000000 0.92579268 0.90814360 1
549.60000000 0.92530083 0.90830018 1
549.64000000 0.90820218 0.90845635 1
549.68000000 0.90451995 0.90861212 1
549.72000000 0.88985323 0.90876748 1
549.76000000 0.90359273 0.90892244 1
549.80000000 0.89930879 0.90907700 1
549.84000000 0.90637370 0.90923115 1
549.88000000 0.89657318 0.90938491 1
549.92000000 0.86560271 0.90953828 1
549.96000000 0.91881694 0.90969124 1
550.00000000 0.88863695 0.90984381 1
550.04000000 0.91562862 0.90999599 1
550.08000000 0.90912827 0.91014778 1
550.12000000 0.92613272 0.91029918 1
550.16000000 0.89884120 0.91045018 1
550.20000000 0.89154327 0.91060080 1
550.24000000 0.91531180 0.91075104 1
550.28000000 0.90049523 0.91090089 1
550.32000000 0.90363508 0.91105036 1
550.36000000 0.89953422 0.91119944 1
550.40000000 0.91282427 0.91134814 1
550.44000000 0.90106978 0.91149647 1
550.48000000 0.92238833 0.91164442 1
550.52000000 0.93102756 0.91179199 1
550.56000000 0.92608070 0.91193918 1
550.60000000 0.90594212 0.91208600 1
550.64000000 0.92548951 0.91223245 1
550.68000000 0.92553743 0.91237853 1
550.72000000 0.92062222 0.91252423 1
550.76000000 0.89784137 0.91266957 1
550.80000000 0.92643527 0.91281454 1
550.84000000 0.88983616 0.91295914 1
550.88000000 0.91739090 0.91310338 1
550.92000000 0.91376583 0.91324726 1
550.96000000 0.90317131 0.91339077 1
551.00000000 0.90442323 0.91353392 1
551.04000000 0.90124061 0.91367672 1
551.08000000 0.91620690 0.91381915 1
551.12000000 0.91646936 0.91396123 1
551.16000000 0.93607180 0.91410295 1
551.20000000 0.90805834 0.91424431 1
551.24000000 0.92557277 0.91438532 1
551.28000000 0.93038721 0.91452598 1
551.32000000 0.94114712 0.91466629 1
551.36000000 0.92488062 0.91480624 1
551.40000000 0.91001194 0.91494585 1
551.44000000 0.90151589 0.91508511 1
551.48000000 0.92306306 0.91522403 1
551.52000000 0.92343666 0.91536260 1
551.56000000 0.91663958 0.91550082 1
551.60000000 0.94566004 0.91563870 1
551.64000000 0.93398315 0.91577624 1
551.68000000 0.92469199 0.91591344 1
551.72000000 0.93448333 0.91605030 1
551.76000000 0.93839342 0.91618682 1
551.80000000 0.95147079 0.91632301 1
551.84000000 0.91305727 0.91645885 1
551.88000000 0.93120714 0.91659437 1
551.92000000 0.90325878 0.91672955 1
551.96000000 0.89817679 0.91686439 1
552.00000000 0.92881480 0.91699891 1
552.04000000 0.92145324 0.91713309 1
552.08000000 0.92202264 0.91726695 1
552.12000000 0.91313426 0.91740047 1
552.16000000 0.90070832 0.91753367 1
552.20000000 0.92547839 0.91766655 1
552.24000000 0.92701419 0.91779910 1
552.28000000 0.92447476 0.91793132 1
552.32000000 0.91928236 0.91806323 1
552.36000000 0.92488995 0.91819481 1
552.40000000 0.92029791 0.91832607 1
552.44000000 0.92385800 0.91845701 1
552.48000000 0.93373204 0.91858763 1
552.52000000 0.89772790 0.91871794 1
552.56000000 0.92269984 0.91884793 1
552.60000000 0.92430572 0.91897760 1
552.64000000 0.93266489 0.91910696 1
552.68000000 0.91893353 0.91923600 1
552.72000000 0.94418661 0.91936474 1
552.76000000 0.91621578 0.91949316 1
552.80000000 0.93508101 0.91962127 1
552.84000000 0.93726184 0.91974908 1
552.88000000 0.93652521 0.91987657 1
552.92000000 0.94346238 0.92000376 1
552.96000000 0.92135307 0.92013065 1
553.00000000 0.93116244 0.92025722 1
553.04000000 0.94488652 0.92038350 1
553.08000000 0.93531957 0.92050947 1
553.12000000 0.91212042 0.92063514 1
553.16000000 0.90799262 0.92076051 1
553.20000000 0.92642267 0.92088557 1
553.24000000 0.91311560 0.92101034 1
553.28000000 0.91919003 0.92113481 1
553.32000000 0.90553191 0.92125899 1
553.36000000 0.88999974 0.92138287 1
553.40000000 0.90520228 0.92150645 1
553.44000000 0.91105261 0.92162974 1
553.48000000 0.91351372 0.92175273 1
553.52000000 0.92804540 0.92187543 1
553.56000000 0.89495499 0.92199785 1
553.60000000 0.92165650 0.92211997 1
553.64000000 0.91970885 0.92224180 1
553.68000000 0.92830480 0.92236334 1
553.72000000 0.90189372 0.92248460 1
553.76000000 0.92148375 0.92260557 1
553.80000000 0.91807342 0.92272625 1
553.84000000 0.91903884 0.92284665 1
553.88000000 0.95382646 0.92296676 1
553.92000000 0.92078430 0.92308659 1
553.96000000 0.93257850 0.92320614 1
554.00000000 0.94280512 0.92332541 1
554.04000000 0.92723209 0.92344440 1
554.08000000 0.94699670 0.92356311 1
554.12000000 0.92319555 0.92368154 1
554.16000000 0.89714233 0.92379969 1
554.20000000 0.92981075 0.92391757 1
554.24000000 0.92582235 0.92403517 1
554.28000000 0.93650686 0.92415249 1
554.32000000 0.92944202 0.92426954 1
554.36000000 0.91612165 0.92438632 1
554.40000000 0.93108279 0.92450283 1
554.44000000 0.90155737 0.92461906 1
554.48000000 0.95846717 0.92473503 1
554.52000000 0.91632152 0.92485072 1
554.56000000 0.92507270 0.92496615 1
554.60000000 0.92896961 0.92508130 1
554.64000000 0.92120234 0.92519619 1
554.68000000 0.92706422 0.92531082 1
554.72000000 0.92859616 0.92542518 1
554.76000000 0.91984038 0.92553927 1
554.80000000 0.92687119 0.92565310 1
554.84000000 0.92854052 0.92576667 1
554.88000000 0.93034183 0.92587997 1
554.92000000 0.91313249 0.92599301 1
554.96000000 0.92842556 0.92610580 1
555.00000000 0.91108693 0.92621832 1
555.04000000 0.93901377 0.92633059 1
555.08000000 0.94102822 0.92644259 1
555.12000000 0.92624024 0.92655434 1
555.16000000 0.93390330 0.92666584 1
555.20000000 0.93827224 0.92677707 1
555.24000000 0.92083328 0.92688806 1
555.28000000 0.88955147 0.92699878 1
555.32000000 0.92899816 0.92710926 1
555.36000000 0.89588615 0.92721948 1
555.40000000 0.91499541 0.92732945 1
555.44000000 0.93020981 0.92743917 1
555.48000000 0.92163755 0.92754864 1
555.52000000 0.94458374 0.92765786 1
555.56000000 0.93058498 0.92776684 1
555.60000000 0.92960641 0.92787556 1
555.64000000 0.93457704 0.92798404 1
555.68000000 0.92587545 0.92809227 1
555.72000000 0.92325388 0.92820026 1
555.76000000 0.92564865 0.92830800 1
555.80000000 0.92527648 0.92841549 1
555.84000000 0.92065825 0.92852275 1
555.88000000 0.94761103 0.92862976 1
555.92000000 0.94414328 0.92873653 1
555.96000000 0.97409424 0.92884306 1
556.00000000 0.92050131 0.92894935 1
556.04000000 0.96432788 0.92905540 1
556.08000000 0.93620764 0.92916121 1
556.12000000 0.90348388 0.92926678 1
556.16000000 0.94086695 0.92937211 1
556.20000000 0.92335707 0.92947721 1
556.24000000 0.91075171 0.92958207 1
556.28000000 0.92505872 0.92968670 1
556.32000000 0.91979239 0.92979109 1
556.36000000 0.93207800 0.92989525 1
556.40000000 0.91880809 0.92999918 1
556.44000000 0.94355532 0.93010287 1
556.48000000 0.93656946 0.93020633 1
556.52000000 0.93511629 0.93030957 1
556.56000000 0.91835840 0.93041257 1
556.60000000 0.93825889 0.93051534 1
556.64000000 0.93121335 0.93061788 1
556.68000000 0.94787532 0.93072020 1
556.72000000 0.91739118 0.93082228 1
556.76000000 0.94325911 0.93092415 1
556.80000000 0.90115012 0.93102578 1
556.84000000 0.93249713 0.93112719 1
556.88000000 0.93443966 0.93122837 1
556.92000000 0.93922589 0.93132933 1
556.96000000 0.95450909 0.93143007 1
557.00000000 0.94332226 0.93153059 1
557.04000000 0.92711544 0.93163088 1
557.08000000 0.93112751 0.93173095 1
557.12000000 0.94270088 0.93183080 1
557.16000000 0.92732252 0.93193043 1
557.20000000 0.92355572 0.93202984 1
557.24000000 0.92628000 0.93212904 1
557.28000000 0.92514917 0.93222801 1
557.32000000 0.90693307 0.93232677 1
557.36000000 0.93186255 0.93242531 1
557.40000000 0.92561687 0.93252363 1
557.44000000 0.93906521 0.93262174 1
557.48000000 0.93064586 0.93271964 1
557.52000000 0.96708806 0.93281732 1
557.56000000 0.93985553 0.93291479 1
557.60000000 0.94859410 0.93301204 1
557.64000000 0.96370819 0.93310908 1
557.68000000 0.91521654 0.93320591 1
557.72000000 0.94517539 0.93330253 1
557.76000000 0.92635686 0.93339894 1
557.80000000 0.91073891 0.93349514 1
557.84000000 0.91052632 0.93359113 1
557.88000000 0.91311754 0.93368691 1
557.92000000 0.93178036 0.93378248 1
557.96000000 0.91746804 0.93387785 1
558.00000000 0.90837369 0.93397301 1
558.04000000 0.94413956 0.93406796 1
558.08000000 0.92913611 0.93416271 1
558.12000000 0.89956660 0.93425725 1
558.16000000 0.89442064 0.93435159 1
558.20000000 0.89611393 0.93444573 1
558.24000000 0.90603885 0.93453966 1
558.28000000 0.94097908 0.93463339 1
558.32000000 0.92595935 0.93472692 1
558.36000000 0.92896098 0.93482024 1
558.40000000 0.91624546 0.93491337 1
558.44000000 0.92075013 0.93500630 1
558.48000000 0.94667200 0.93509902 1
558.52000000 0.93231962 0.93519155 1
558.56000000 0.92322610 0.93528388 1
558.60000000 0.94477978 0.93537601 1
558.64000000 0.95216668 0.93546795 1
558.68000000 0.96504456 0.93555968 1
558.72000000 0.90074159 0.93565122 1
558.76000000 0.91039378 0.93574257 1
558.80000000 0.91504989 0.93583372 1
558.84000000 0.92462296 0.93592468 1
558.88000000 0.91297274 0.93601544 1
558.92000000 0.93180125 0.93610601 1
558.96000000 0.93438395 0.93619639 1
559.00000000 0.94498163 0.93628657 1
559.04000000 0.91836710 0.93637657 1
559.08000000 0.92948156 0.93646637 1
559.12000000 0.93782550 0.93655598 1
559.16000000 0.92584274 0.93664540 1
559.20000000 0.91728847 0.93673464 1
559.24000000 0.90616366 0.93682368 1
559.28000000 0.93581735 0.93691254 1
559.32000000 0.92874856 0.93700120 1
559.36000000 0.93466295 0.93708968 1
559.40000000 0.92839677 0.93717798 1
559.44000000 0.93674272 0.93726609 1
559.48000000 0.92381982 0.93735401 1
559.52000000 0.92594644 0.93744175 1
559.56000000 0.93578116 0.93752930 1
559.60000000 0.93692803 0.93761667 1
559.64000000 0.00000000 0.93770385 0
559.68000000 0.95413674 0.93779086 1
559.72000000 0.93223778 0.93787768 1
559.76000000 0.92527965 0.93796431 1
559.80000000 0.92671625 0.93805077 1
559.84000000 0.93755493 0.93813705 1
559.88000000 0.93535766 0.93822314 1
559.92000000 0.92243705 0.93830906 1
559.96000000 0.93200518 0.93839479 1
560.00000000 0.93865358 0.93848035 1
560.04000000 0.94956518 0.93856573 1
560.08000000 0.94407099 0.93865093 1
560.12000000 0.95287401 0.93873595 1
560.16000000 0.91463869 0.93882080 1
560.20000000 0.93388094 0.93890547 1
560.24000000 0.94053604 0.93898997 1
560.28000000 0.94222265 0.93907429 1
560.32000000 0.93078893 0.93915843 1
560.36000000 0.94554670 0.93924240 1
560.40000000 0.95459224 0.93932620 1
560.44000000 0.95191226 0.93940982 1
560.48000000 0.93066597 0.93949327 1
560.52000000 0.92150131 0.93957655 1
560.56000000 0.95189244 0.93965966 1
560.60000000 0.93676556 0.93974259 1
560.64000000 0.92576621 0.93982535 1
560.68000000 0.93674202 0.93990795 1
560.72000000 0.94558243 0.93999037 1
560.76000000 0.95909182 0.94007262 1
560.80000000 0.95546695 0.94015471 1
560.84000000 0.94883536 0.94023662 1
560.88000000 0.95245172 0.94031837 1
560.92000000 0.93045190 0.94039995 1
560.96000000 0.93597521 0.94048136 1
561.00000000 0.94807135 0.94056261 1
561.04000000 0.94248231 0.94064369 1
561.08000000 0.94001316 0.94072461 1
561.12000000 0.92374681 0.94080535 1
561.16000000 0.93611288 0.94088594 1
561.20000000 0.94179491 0.94096636 1
561.24000000 0.95978743 0.94104661 1
561.28000000 0.94617911 0.94112671 1
561.32000000 0.92731843 0.94120664 1
561.36000000 0.92211154 0.94128640 1
561.40000000 0.95012914 0.94136601 1
561.44000000 0.95470915 0.94144545 1
561.48000000 0.95226929 0.94152473 1
561.52000000 0.93372121 0.94160385 1
561.56000000 0.96284140 0.94168281 1
561.60000000 0.91011626 0.94176161 1
561.64000000 0.93046839 0.94184025 1
561.68000000 0.92385868 0.94191874 1
561.72000000 0.94530496 0.94199706 1
561.76000000 0.94990624 0.94207522 1
561.80000000 0.93473043 0.94215323 1
561.84000000 0.91731629 0.94223108 1
561.88000000 0.93575219 0.94230878 1
561.92000000 0.94423563 0.94238631 1
561.96000000 0.96069046 0.94246369 1
562.00000000 0.93332555 0.94254092 1
562.04000000 0.93774511 0.94261799 1
562.08000000 0.93806156 0.94269490 1
562.12000000 0.90300352 0.94277166 1
562.16000000 0.93732252 0.94284827 1
562.20000000 0.95222411 0.94292473 1
562.24000000 0.96658791 0.94300103 1
562.28000000 0.95820514 0.94307717 1
562.32000000 0.95622293 0.94315317 1
562.36000000 0.94772246 0.94322901 1
562.40000000 0.94390037 0.94330471 1
562.44000000 0.92346173 0.94338025 1
562.48000000 0.94640874 0.94345564 1
562.52000000 0.96039782 0.94353088 1
562.56000000 0.94098814 0.94360597 1
562.60000000 0.96328148 0.94368091 1
562.64000000 0.94562394 0.94375570 1
562.68000000 0.93772699 0.94383035 1
562.72000000 0.95025704 0.94390484 1
562.76000000 0.94211311 0.94397919 1
562.80000000 0.99456985 0.94405339 1
562.84000000 0.93146219 0.94412744 1
562.88000000 0.95670742 0.94420135 1
562.92000000 0.00000000 0.94427511 0
562.96000000 0.96096676 0.94434873 1
563.00000000 0.96681238 0.94442220 1
563.04000000 0.94190222 0.94449552 1
563.08000000 0.93434296 0.94456870 1
563.12000000 0.95494459 0.94464174 1
563.16000000 0.93142338 0.94471463 1
563.20000000 0.94566117 0.94478738 1
563.24000000 0.95340059 0.94485998 1
563.28000000 0.94650931 0.94493245 1
563.32000000 0.94391810 0.94500477 1
563.36000000 0.97375110 0.94507694 1
563.40000000 0.94446929 0.94514898 1
563.44000000 0.94474537 0.94522088 1
563.48000000 0.97545100 0.94529263 1
563.52000000 0.96612929 0.94536425 1
563.56000000 0.96219182 0.94543572 1
563.60000000 0.95543497 0.94550706 1
563.64000000 0.97025757 0.94557825 1
563.68000000 0.93879229 0.94564931 1
563.72000000 0.95541669 0.94572022 1
563.76000000 0.95537249 0.94579100 1
563.80000000 0.94876311 0.94586165 1
563.84000000 0.96126764 0.94593215 1
563.88000000 0.95034005 0.94600252 1
563.92000000 0.93943629 0.94607275 1
563.96000000 0.98003638 0.94614284 1
564.00000000 0.95001833 0.94621280 1
564.04000000 0.97106552 0.94628262 1
564.08000000 0.94928085 0.94635231 1
564.12000000 0.94824562 0.94642186 1
564.16000000 0.94526567 0.94649128 1
564.20000000 0.97030724 0.94656056 1
564.24000000 0.94303877 0.94662971 1
564.28000000 0.95548792 0.94669873 1
564.32000000 0.95277788 0.94676761 1
564.36000000 0.95821239 0.94683636 1
564.40000000 0.95098132 0.94690498 1
564.44000000 0.94462497 0.94697346 1
564.48000000 0.95738171 0.94704181 1
564.52000000 0.96806412 0.94711003 1
564.56000000 0.99402586 0.94717813 1
564.60000000 0.98247268 0.94724608 1
564.64000000 0.93403627 0.94731391 1
564.68000000 0.96334675 0.94738161 1
564.72000000 0.95020615 0.94744918 1
564.76000000 0.95682798 0.94751662 1
564.80000000 0.99051195 0.94758393 1
564.84000000 0.95421170 0.94765112 1
564.88000000 0.96322911 0.94771817 1
564.92000000 0.95263979 0.94778509 1
564.96000000 0.96653751 0.94785189 1
565.00000000 0.93154799 0.94791856 1
565.04000000 0.96778490 0.94798511 1
565.08000000 0.94273236 0.94805152 1
565.12000000 0.95213371 0.94811781 1
565.16000000 0.94387034 0.94818398 1
565.20000000 0.94439032 0.94825002 1
565.24000000 0.95507229 0.94831593 1
565.28000000 0.93385752 0.94838172 1
565.32000000 0.97166660 0.94844738 1
565.36000000 0.96564317 0.94851292 1
565.40000000 0.96999483 0.94857833 1
565.44000000 0.96788685 0.94864362 1
565.48000000 0.94368533 0.94870879 1
565.52000000 0.93519476 0.94877383 1
565.56000000 0.96722244 0.94883875 1
565.60000000 0.96128217 0.94890355 1
565.64000000 0.97371496 0.94896823 1
565.68000000 0.95512401 0.94903278 1
565.72000000 0.97986889 0.94909721 1
565.76000000 0.95295387 0.94916152 1
565.80000000 0.96008165 0.94922571 1
565.84000000 0.96484009 0.94928978 1
565.88000000 0.96521090 0.94935373 1
565.92000000 0.94143254 0.94941756 1
565.96000000 0.95570343 0.94948127 1
566.00000000 0.96155630 0.94954486 1
566.04000000 0.94835002 0.94960833 1
566.08000000 0.95129030 0.94967168 1
566.12000000 0.94578575 0.94973491 1
566.16000000 0.96029136 0.94979803 1
566.20000000 0.96516794 0.94986103 1
566.24000000 0.97901305 0.94992390 1
566.28000000 0.94982468 0.94998667 1
566.32000000 0.95002712 0.95004931 1
566.36000000 0.99448050 0.95011184 1
566.40000000 0.97198470 0.95017425 1
566.44000000 0.96459814 0.95023654 1
566.48000000 0.96575624 0.95029872 1
566.52000000 0.96114380 0.95036079 1
566.56000000 0.96557403 0.95042274 1
566.60000000 0.95525635 0.95048457 1
566.64000000 0.94687231 0.95054629 1
566.68000000 0.93927566 0.95060789 1
566.72000000 0.94823093 0.95066938 1
566.76000000 0.95578563 0.95073076 1
566.80000000 0.96815715 0.95079202 1
566.84000000 0.94637486 0.95085317 1
566.88000000 0.96078602 0.95091421 1
566.92000000 0.97868958 0.95097513 1
566.96000000 0.96336268 0.95103594 1
567.00000000 0.97093385 0.95109664 1
567.04000000 0.95543628 0.95115723 1
567.08000000 0.94186010 0.95121770 1
567.12000000 0.97027744 0.95127807 1
567.16000000 0.97798427 0.95133832 1
567.20000000 0.96229421 0.95139846 1
567.24000000 0.96317665 0.95145849 1
567.28000000 0.95967805 0.95151842 1
567.32000000 0.94701976 0.95157823 1
567.36000000 0.97479539 0.95163793 1
567.40000000 0.94294623 0.95169752 1
567.44000000 0.97073186 0.95175701 1
567.48000000 0.92933405 0.95181638 1
567.52000000 0.94970346 0.95187565 1
567.56000000 0.96448550 0.95193480 1
567.60000000 0.95125992 0.95199385 1
567.64000000 0.96729598 0.95205280 1
567.68000000 0.96988071 0.95211163 1
567.72000000 0.96055191 0.95217036 1
567.76000000 0.95902577 0.95222898 1
567.80000000 0.97027658 0.95228749 1
567.84000000 0.94938172 0.95234590 1
567.88000000 0.95119215 0.95240420 1
567.92000000 0.95808383 0.95246240 1
567.96000000 0.96261672 0.95252049 1
568.00000000 0.95350309 0.95257847 1
568.04000000 0.96762298 0.95263635 1
568.08000000 0.95688189 0.95269413 1
568.12000000 0.95806299 0.95275180 1
568.16000000 0.95120833 0.95280936 1
568.20000000 0.94931848 0.95286682 1
568.24000000 0.94785858 0.95292418 1
568.28000000 0.94169749 0.95298143 1
568.32000000 0.94191408 0.95303858 1
568.36000000 0.96909279 0.95309563 1
568.40000000 0.96753792 0.95315258 1
568.44000000 0.97076076 0.95320942 1
568.48000000 0.95903451 0.95326616 1
568.52000000 0.95762360 0.95332280 1
568.56000000 0.96120719 0.95337933 1
568.60000000 0.96572644 0.95343577 1
568.64000000 0.94325074 0.95349210 1
568.68000000 0.97479139 0.95354833 1
568.72000000 0.95266241 0.95360446 1
568.76000000 0.94195250 0.95366050 1
568.80000000 0.95395980 0.95371643 1
568.84000000 0.94212122 0.95377226 1
568.88000000 0.94882711 0.95382799 1
568.92000000 0.94263123 0.95388362 1
568.96000000 0.96214159 0.95393915 1
569.00000000 0.98048316 0.95399458 1
569.04000000 0.96724551 0.95404992 1
569.08000000 0.96889993 0.95410515 1
569.12000000 0.96089119 0.95416029 1
569.16000000 0.92522800 0.95421533 1
569.20000000 0.95386006 0.95427027 1
569.24000000 0.95371681 0.95432511 1
569.28000000 0.96035916 0.95437985 1
569.32000000 0.96110960 0.95443450 1
569.36000000 0.98038783 0.95448905 1
569.40000000 0.96487840 0.95454351 1
569.44000000 0.95366154 0.95459787 1
569.48000000 0.98901104 0.95465213 1
569.52000000 0.95473122 0.95470629 1
569.56000000 0.95504889 0.95476036 1
569.60000000 0.94238500 0.95481434 1
569.64000000 0.95003389 0.95486822 1
569.68000000 0.95351697 0.95492200 1
569.72000000 0.94738705 0.95497569 1
569.76000000 0.98459596 0.95502928 1
569.80000000 0.96532836 0.95508278 1
569.84000000 0.96092860 0.95513619 1
569.88000000 0.95141406 0.95518950 1
569.92000000 0.97705085 0.95524272 1
569.96000000 0.93836008 0.95529585 1
570.00000000 0.95653365 0.95534888 1
570.04000000 0.94587968 0.95540181 1
570.08000000 0.93736410 0.95545466 1
570.12000000 0.96340149 0.95550741 1
570.16000000 0.95583842 0.95556007 1
570.20000000 0.93199177 0.95561264 1
570.24000000 0.96935817 0.95566512 1
570.28000000 0.97514678 0.95571750 1
570.32000000 0.95897374 0.95576979 1
570.36000000 0.94743305 0.95582200 1
570.40000000 0.94440859 0.95587411 1
570.44000000 0.98196157 0.95592613 1
570.48000000 0.95369349 0.95597805 1
570.52000000 0.95392638 0.95602989 1
570.56000000 0.94012401 0.95608164 1
570.60000000 0.96383464 0.95613330 1
570.64000000 0.94813008 0.95618487 1
570.68000000 0.97501967 0.95623635 1
570.72000000 0.92836580 0.95628774 1
570.76000000 0.98616808 0.95633904 1
570.80000000 0.93671350 0.95639025 1
570.84000000 0.95035705 0.95644137 1
570.88000000 0.94809851 0.95649240 1
570.92000000 0.95380325 0.95654335 1
570.96000000 0.95702665 0.95659421 1
571.00000000 0.94612008 0.95664498 1
571.04000000 0.94217253 0.95669566 1
571.08000000 0.93799273 0.95674625 1
571.12000000 0.94325297 0.95679676 1
571.16000000 0.94066924 0.95684718 1
571.20000000 0.95349634 0.95689751 1
571.24000000 0.97339167 0.95694776 1
571.28000000 0.96890643 0.95699792 1
571.32000000 0.95235203 0.95704799 1
571.36000000 0.95819138 0.95709798 1
571.40000000 0.96292771 0.95714788 1
571.44000000 0.96869339 0.95719770 1
571.48000000 0.96287689 0.95724743 1
571.52000000 0.97846400 0.95729708 1
571.56000000 0.96498486 0.95734664 1
571.60000000 0.94324880 0.95739611 1
571.64000000 0.95373749 0.95744550 1
571.68000000 0.95452121 0.95749481 1
571.72000000 0.96766544 0.95754403 1
571.76000000 0.96127189 0.95759317 1
571.80000000 0.95649166 0.95764222 1
571.84000000 0.96376407 0.95769120 1
571.88000000 0.95180752 0.95774008 1
571.92000000 0.95874924 0.95778889 1
571.96000000 0.93832162 0.95783761 1
572.00000000 0.96841039 0.95788624 1
572.04000000 0.95123414 0.95793480 1
572.08000000 0.98299675 0.95798327 1
572.12000000 0.95054441 0.95803166 1
572.16000000 0.98842819 0.95807997 1
572.20000000 0.96066282 0.95812820 1
572.24000000 0.96054189 0.95817634 1
572.28000000 0.97124277 0.95822440 1
572.32000000 0.95802484 0.95827239 1
572.36000000 0.96228609 0.95832029 1
572.40000000 0.94574705 0.95836810 1
572.44000000 0.96814915 0.95841584 1
572.48000000 0.95934300 0.95846350 1
572.52000000 0.97217131 0.95851108 1
572.56000000 0.97673554 0.95855858 1
572.60000000 0.96059295 0.95860599 1
572.64000000 0.95077555 0.95865333 1
572.68000000 0.94940498 0.95870059 1
572.72000000 0.97360773 0.95874776 1
572.76000000 0.96233457 0.95879486 1
572.80000000 0.95835703 0.95884188 1
572.84000000 0.96864004 0.95888882 1
572.88000000 0.97475656 0.95893568 1
572.92000000 0.96576983 0.95898247 1
572.96000000 0.93707620 0.95902917 1
573.00000000 0.97831211 0.95907580 1
573.04000000 0.95055437 0.95912235 1
573.08000000 0.96766792 0.95916882 1
573.12000000 0.97590576 0.95921521 1
573.16000000 0.95812355 0.95926152 1
573.20000000 0.98537647 0.95930776 1
573.24000000 0.97755173 0.95935392 1
573.28000000 0.96018764 0.95940001 1
573.32000000 0.95222972 0.95944601 1
573.36000000 0.96434777 0.95949194 1
573.40000000 0.96904342 0.95953780 1
573.44000000 0.96469703 0.95958357 1
573.48000000 0.96447012 0.95962928 1
573.52000000 0.97826040 0.95967490 1
573.56000000 0.94902365 0.95972045 1
573.60000000 0.96362283 0.95976592 1
573.64000000 0.94841453 0.95981132 1
573.68000000 0.95920275 0.95985665 1
573.72000000 0.95946657 0.95990189 1
573.76000000 0.94912041 0.95994707 1
573.80000000 0.96682365 0.95999216 1
573.84000000 0.97013832 0.96003719 1
573.88000000 0.95390927 0.96008214 1
573.92000000 0.95046181 0.96012701 1
573.96000000 0.96954861 0.96017181 1
574.00000000 0.98990763 0.96021654 1
574.04000000 0.96217744 0.96026119 1
574.08000000 0.94295945 0.96030577 1
574.12000000 0.96257110 0.96035028 1
574.16000000 0.95513679 0.96039471 1
574.20000000 0.97346695 0.96043907 1
574.24000000 0.97747747 0.96048336 1
574.28000000 1.00000000 0.96052757 1
574.32000000 0.95240605 0.96057171 1
574.36000000 0.95919424 0.96061578 1
574.40000000 0.98475760 0.96065978 1
574.44000000 0.96884743 0.96070371 1
574.48000000 0.98253024 0.96074756 1
574.52000000 0.96743583 0.96079134 1
574.56000000 0.95745401 0.96083505 1
574.60000000 0.96314365 0.96087869 1
574.64000000 0.98651382 0.96092225 1
574.68000000 0.96229199 0.96096575 1
574.72000000 0.95428369 0.96100917 1
574.76000000 0.95909601 0.96105253 1
574.80000000 0.96300420 0.96109581 1
574.84000000 0.96740632 0.96113902 1
574.88000000 0.96887198 0.96118216 1
574.92000000 0.97058052 0.96122524 1
574.96000000 0.97895906 0.96126824 1
575.00000000 0.97822544 0.96131117 1

[[Model]]
    Model(siv_reflection)
[[Fit Statistics]]
    # fitting method   = leastsq
    # function evals   = 19
    # data points      = 101
    # variables        = 2
    chi-square         = 12222202.6
    reduced chi-square = 123456.592
    Akaike info crit   = 1186.06807
    Bayesian info crit = 1191.29831
    R-squared          = 0.99260231
[[Variables]]
    amplitude:  14300(50) (0.38%) (init = 13698.57)
    slope:      3.363464e-05 (fixed)
    eta:        0.5235835 (fixed)
    kappa:      27.11719 (fixed)
    f_cav:      505.5973 (fixed)
    f_siv:      524.974(5) (0.00%) (init = 525.7)
    g:          4.360635 (fixed)
    gamma:      0.1088014 (fixed)
[[Correlations]] (unreported correlations are < 0.100)
    C(amplitude, f_siv) = -0.1098
frequency_GHz reflection fitted_reflection
523.50000000 0.83102241 0.84257629
523.55000000 0.83394656 0.84651410
523.60000000 0.83648034 0.85052505
523.65000000 0.84342502 0.85461078
523.70000000 0.83987031 0.85877269
523.75000000 0.83052194 0.86301178
523.80000000 0.89282386 0.86732861
523.85000000 0.87677564 0.87172312
523.90000000 0.83958596 0.87619448
523.95000000 0.93841961 0.88074083
524.00000000 0.89462120 0.88535908
524.05000000 0.90570030 0.89004450
524.10000000 0.87485055 0.89479037
524.15000000 0.89908457 0.89958737
524.20000000 0.90934734 0.90442302
524.25000000 0.85830243 0.90928074
524.30000000 0.89451869 0.91413887
524.35000000 0.93578090 0.91896933
524.40000000 0.88245917 0.92373592
524.45000000 0.87880027 0.92839219
524.50000000 0.95494632 0.93287879
524.55000000 0.92534811 0.93711998
524.60000000 0.89497767 0.94101931
524.65000000 0.92167726 0.94445410
524.70000000 0.93114523 0.94726848
524.75000000 0.95801120 0.94926455
524.80000000 0.88732395 0.95019146
524.85000000 0.94240767 0.94973182
524.90000000 0.89221125 0.94748532
524.95000000 0.95059993 0.94294947
525.00000000 0.93851523 0.93549811
525.05000000 0.92328735 0.92435942
525.10000000 0.92517798 0.90859750
525.15000000 0.90297551 0.88710483
525.20000000 0.86811984 0.85861839
525.25000000 0.84822498 0.82177905
525.30000000 0.80519735 0.77526071
525.35000000 0.68178299 0.71799715
525.40000000 0.68095963 0.64952227
525.45000000 0.58964774 0.57039850
525.50000000 0.50588062 0.48263445
525.55000000 0.38664686 0.38990573
525.60000000 0.30161265 0.29735964
525.65000000 0.20824011 0.21088923
525.70000000 0.14285224 0.13601623
525.75000000 0.08214457 0.07678020
525.80000000 0.03463936 0.03507520
525.85000000 0.01756858 0.01064038
525.90000000 0.00731236 0.00157960
525.95000000 0.01426056 0.00509743
526.00000000 0.02911707 0.01816558
526.05000000 0.05602822 0.03797625
526.10000000 0.07563651 0.06217136
526.15000000 0.10004509 0.08890490
526.20000000 0.13364006 0.11680811
526.25000000 0.14904872 0.14491182
526.30000000 0.20330466 0.17255972
526.35000000 0.22653058 0.19932927
526.40000000 0.24535735 0.22496663
526.45000000 0.26084484 0.24933630
526.50000000 0.30449057 0.27238354
526.55000000 0.30987022 0.29410730
526.60000000 0.34185928 0.31454087
526.65000000 0.37180231 0.33373856
526.70000000 0.36558116 0.35176646
526.75000000 0.40690100 0.36869630
526.80000000 0.41145158 0.38460126
526.85000000 0.41994256 0.39955347
526.90000000 0.40910109 0.41362229
526.95000000 0.46731202 0.42687339
527.00000000 0.46601005 0.43936829
527.05000000 0.43222045 0.45116418
527.10000000 0.46513143 0.46231389
527.15000000 0.46448325 0.47286609
527.20000000 0.51494733 0.48286549
527.25000000 0.55012970 0.49235305
527.30000000 0.49181111 0.50136632
527.35000000 0.51656141 0.50993964
527.40000000 0.50941250 0.51810446
527.45000000 0.54210913 0.52588954
527.50000000 0.55113214 0.53332125
527.55000000 0.54015038 0.54042373
527.60000000 0.50724855 0.54721912
527.65000000 0.56844764 0.55372772
527.70000000 0.55752925 0.55996821
527.75000000 0.55391858 0.56595772
527.80000000 0.56876504 0.57171206
527.85000000 0.62666391 0.57724576
527.90000000 0.63706719 0.58257224
527.95000000 0.59531560 0.58770389
528.00000000 0.60538458 0.59265214
528.05000000 0.59262854 0.59742760
528.10000000 0.60981323 0.60204008
528.15000000 0.62218257 0.60649867
528.20000000 0.63484001 0.61081183
528.25000000 0.60864720 0.61498740
528.30000000 0.63068370 0.61903269
528.35000000 0.64427546 0.62295451
528.40000000 0.63160881 0.62675918
528.45000000 0.62655387 0.63045264
528.50000000 0.60077821 0.63404040

[[Model]]
    Model(siv_reflection)
[[Fit Statistics]]
    # fitting method   = leastsq
    # function evals   = 19
    # data points      = 101
    # variables        = 2
    chi-square         = 11246103.3
    reduced chi-square = 113597.003
    Akaike info crit   = 1177.66159
    Bayesian info crit = 1182.89183
    R-squared          = 0.99212399
[[Variables]]
    amplitude:  13000(50) (0.37%) (init = 13101.89)
    slope:      3.363464e-05 (fixed)
    eta:        0.5235835 (fixed)
    kappa:      27.11719 (fixed)
    f_cav:      505.5973 (fixed)
    f_siv:      525.765(5) (0.00%) (init = 526.5)
    g:          4.360635 (fixed)
    gamma:      0.1088014 (fixed)
frequency_GHz reflection fitted_reflection
523.50000000 0.77980559 0.79904783
523.55000000 0.80316747 0.80190409
523.60000000 0.76907039 0.80479937
523.65000000 0.75409261 0.80773533
523.70000000 0.82964906 0.81071370
523.75000000 0.80982212 0.81373625
523.80000000 0.77863097 0.81680482
523.85000000 0.83074723 0.81992131
523.90000000 0.85547290 0.82308767
523.95000000 0.86447561 0.82630590
524.00000000 0.84956859 0.82957805
524.05000000 0.88121565 0.83290620
524.10000000 0.83436611 0.83629247
524.15000000 0.79271810 0.83973898
524.20000000 0.78656322 0.84324786
524.25000000 0.85201392 0.84682120
524.30000000 0.83068447 0.85046105
524.35000000 0.86877304 0.85416936
524.40000000 0.84345870 0.85794796
524.45000000 0.89322304 0.86179849
524.50000000 0.87953604 0.86572231
524.55000000 0.83052265 0.86972046
524.60000000 0.80213861 0.87379351
524.65000000 0.88856577 0.87794142
524.70000000 0.86452810 0.88216343
524.75000000 0.88121549 0.88645774
524.80000000 0.88352787 0.89082135
524.85000000 0.89710826 0.89524962
524.90000000 0.91138104 0.89973594
524.95000000 0.86930376 0.90427112
525.00000000 0.93173820 0.90884275
525.05000000 0.93796246 0.91343432
525.10000000 0.89970896 0.91802416
525.15000000 0.92528270 0.92258406
525.20000000 0.92876047 0.92707748
525.25000000 0.91491181 0.93145736
525.30000000 0.92271298 0.93566320
525.35000000 0.90769164 0.93961748
525.40000000 0.90988174 0.94322090
525.45000000 0.93674206 0.94634641
525.50000000 0.94502342 0.94883157
525.55000000 0.92941690 0.95046878
525.60000000 1.00203051 0.95099297
525.65000000 0.91262331 0.95006625
525.70000000 0.93631620 0.94725900
525.75000000 1.00760147 0.94202743
525.80000000 0.93910654 0.93368811
525.85000000 0.91857626 0.92139149
525.90000000 0.88008109 0.90409926
525.95000000 0.87360683 0.88057473
526.00000000 0.85151713 0.84940281
526.05000000 0.79629666 0.80906532
526.10000000 0.75998942 0.75810720
526.15000000 0.69330424 0.69543051
526.20000000 0.61710237 0.62073338
526.25000000 0.53024283 0.53504822
526.30000000 0.49484622 0.44122346
526.35000000 0.35029427 0.34407737
526.40000000 0.27506338 0.24994434
526.45000000 0.18342878 0.16555056
526.50000000 0.09787124 0.09654858
526.55000000 0.06167140 0.04632302
526.60000000 0.01822581 0.01556511
526.65000000 0.01711169 0.00267085
526.70000000 0.02076662 0.00461577
526.75000000 0.03166882 0.01786561
526.80000000 0.04895434 0.03904464
526.85000000 0.07932995 0.06529484
526.90000000 0.11159933 0.09438946
526.95000000 0.14356867 0.12469953
527.00000000 0.15834209 0.15509516
527.05000000 0.19381250 0.18483219
527.10000000 0.24772442 0.21344938
527.15000000 0.27502560 0.24068503
527.20000000 0.31322497 0.26641369
527.25000000 0.32452635 0.29060002
527.30000000 0.33032809 0.31326633
527.35000000 0.36318132 0.33447010
527.40000000 0.36870286 0.35428873
527.45000000 0.37392598 0.37280953
527.50000000 0.39846634 0.39012311
527.55000000 0.43783027 0.40631924
527.60000000 0.40161670 0.42148435
527.65000000 0.48809131 0.43570012
527.70000000 0.45682446 0.44904270
527.75000000 0.48100746 0.46158255
527.80000000 0.50781531 0.47338439
527.85000000 0.51259662 0.48450749
527.90000000 0.51842991 0.49500592
527.95000000 0.52466988 0.50492895
528.00000000 0.50794808 0.51432144
528.05000000 0.53258585 0.52322417
528.10000000 0.51538648 0.53167428
528.15000000 0.52469278 0.53970554
528.20000000 0.57216708 0.54734870
528.25000000 0.59514075 0.55463179
528.30000000 0.57862077 0.56158037
528.35000000 0.58740514 0.56821778
528.40000000 0.56358898 0.57456534
528.45000000 0.57163410 0.58064258
528.50000000 0.61481928 0.58646736

Shots: 9000; high threshold: 3 photons
Readout duration: 50 µs
photon_number probability
0 0.44411111
1 0.05288889
2 0.00400000
3 0.00255556
4 0.00455556
5 0.00944444
6 0.01644444
7 0.02555556
8 0.03711111
9 0.04588889
10 0.05600000
11 0.05888889
12 0.05977778
13 0.04788889
14 0.04088889
15 0.03244444
16 0.02311111
17 0.01488889
18 0.00911111
19 0.00666667
20 0.00300000
21 0.00233333
22 0.00088889
23 0.00122222
24 0.00033333

LaTeX cavity-QED parameter table
\begin{table}[tb]
  \caption{Fitted cavity QED parameters.}
  \label{tab:SI:siv_cqed}
  \centering
  \begin{tabular}{lc}
    \toprule
    Parameter & Fitted value \\
    \midrule
    $\kappa_\mathrm{in}/2\pi$ & 14.20(3)~GHz \\
    $\kappa/2\pi$ & 27.12(3)~GHz \\
    $\omega_\mathrm{cav}/2\pi$ & 406.505\,597(7)~THz \\
    $\omega_\mathrm{SiV}/2\pi$ & 406.525\,245(4)~THz \\
    $\gamma/2\pi$ & 109(4)~MHz \\
    $g/2\pi$ & 4.361(8)~GHz \\
    Cooperativity $C = 4g^2/(\kappa\gamma)$ & 25.8(9) \\
    \bottomrule
  \end{tabular}
\end{table}

Normalization: 41708.9771994 counts/s
[[Model]]
    Model(siv_reflection)
[[Fit Statistics]]
    # fitting method   = leastsq
    # function evals   = 56
    # data points      = 297
    # variables        = 8
    chi-square         = 0.12014687
    reduced chi-square = 4.1573e-04
    Akaike info crit   = -2304.39344
    Bayesian info crit = -2274.84358
    R-squared          = 0.99275263
[[Variables]]
    amplitude:  1.014(13) (1.25%) (init = 1)
    slope:     -0.00005(2) (44.86%) (init = 0)
    eta:        0.483(5) (1.04%) (init = 0.5)
    kappa:      26.16(17) (0.65%) (init = 30)
    f_cav:      470.80(4) (0.01%) (init = 470)
    f_siv:      525.388(6) (0.00%) (init = 525.4)
    g:          4.23(4) (0.83%) (init = 4.4)
    gamma:      0.109(4) (3.24%) (init = 0.1)
[[Correlations]] (unreported correlations are < 0.100)
    C(amplitude, slope) = -0.9910
    C(f_siv, g)         = -0.9722
    C(eta, f_siv)       = +0.5633
    C(eta, g)           = -0.5451
    C(eta, gamma)       = +0.4206
    C(eta, kappa)       = -0.2177
    C(amplitude, kappa) = +0.2031
    C(kappa, g)         = -0.1861
    C(kappa, f_siv)     = +0.1593
    C(slope, g)         = +0.1353
    C(amplitude, g)     = -0.1326
    C(slope, f_siv)     = -0.1297
    C(eta, f_cav)       = +0.1269
    C(slope, kappa)     = -0.1262
    C(amplitude, f_siv) = +0.1261
    C(f_siv, gamma)     = +0.1021
    C(slope, f_cav)     = +0.1006
frequency_GHz reflection fitted_reflection included_in_fit
370.00000000 1.00000000 0.97724352 1
371.33333333 0.98655053 0.97673410 1
372.66666667 0.97290311 0.97620716 1
374.00000000 0.97086977 0.97566174 1
375.33333333 0.96108943 0.97509684 1
376.66666667 0.97184145 0.97451138 1
378.00000000 0.97000803 0.97390419 1
379.33333333 0.97374388 0.97327406 1
380.66666667 0.95771506 0.97261965 1
382.00000000 0.98765099 0.97193954 1
383.33333333 0.96697878 0.97123220 1
384.66666667 0.97173588 0.97049601 1
386.00000000 0.95209998 0.96972918 1
387.33333333 0.96467148 0.96892982 1
388.66666667 0.97038428 0.96809589 1
390.00000000 0.93551592 0.96722518 1
391.33333333 0.97344230 0.96631529 1
392.66666667 0.94869389 0.96536365 1
394.00000000 0.99027043 0.96436745 1
395.33333333 0.94225409 0.96332366 1
396.66666667 0.94678604 0.96222900 1
398.00000000 0.97645934 0.96107987 1
399.33333333 0.97999966 0.95987240 1
400.66666667 0.94097451 0.95860232 1
402.00000000 0.97384075 0.95726501 1
403.33333333 0.96138695 0.95585539 1
404.66666667 0.95639108 0.95436794 1
406.00000000 0.94383627 0.95279656 1
407.33333333 0.96907808 0.95113458 1
408.66666667 0.94507707 0.94937466 1
410.00000000 0.94793116 0.94750873 1
411.33333333 0.94630139 0.94552784 1
412.66666667 0.91930352 0.94342215 1
414.00000000 0.93123085 0.94118072 1
415.33333333 0.92445185 0.93879144 1
416.66666667 0.95363183 0.93624083 1
418.00000000 0.96268383 0.93351390 1
419.33333333 0.90853040 0.93059389 1
420.66666667 0.91893800 0.92746207 1
422.00000000 0.92552799 0.92409745 1
423.33333333 0.92099889 0.92047646 1
424.66666667 0.93719910 0.91657255 1
426.00000000 0.90318085 0.91235578 1
427.33333333 0.92867697 0.90779229 1
428.66666667 0.91381315 0.90284368 1
430.00000000 0.90340898 0.89746635 1
431.33333333 0.89044593 0.89161062 1
432.66666667 0.89213003 0.88521981 1
434.00000000 0.88028099 0.87822905 1
435.33333333 0.83741167 0.87056396 1
436.66666667 0.85661611 0.86213905 1
438.00000000 0.86051045 0.85285593 1
439.33333333 0.82963130 0.84260111 1
440.66666667 0.84356624 0.83124352 1
442.00000000 0.81344734 0.81863168 1
443.33333333 0.80236550 0.80459048 1
444.66666667 0.80174236 0.78891761 1
446.00000000 0.77893500 0.77137984 1
447.33333333 0.78085214 0.75170925 1
448.66666667 0.70458760 0.72960000 1
450.00000000 0.72302007 0.70470627 1
451.33333333 0.66260451 0.67664291 1
452.66666667 0.66433647 0.64499072 1
454.00000000 0.62686590 0.60930986 1
455.33333333 0.57566121 0.56916622 1
456.66666667 0.52666339 0.52417795 1
458.00000000 0.50176235 0.47409107 1
459.33333333 0.40419681 0.41889426 1
460.66666667 0.35287712 0.35898066 1
462.00000000 0.29917099 0.29535416 1
463.33333333 0.21833620 0.22985515 1
464.66666667 0.17484280 0.16534136 1
466.00000000 0.10692882 0.10571209 1
467.33333333 0.05113211 0.05563800 1
468.66666667 0.02398994 0.01990638 1
470.00000000 0.00138892 0.00245196 1
471.33333333 0.00915985 0.00536667 1
472.66666667 0.02557383 0.02830786 1
474.00000000 0.06349442 0.06859604 1
475.33333333 0.11757983 0.12195283 1
476.66666667 0.18433685 0.18352658 1
478.00000000 0.25162959 0.24879856 1
479.33333333 0.32158819 0.31413380 1
480.66666667 0.39254790 0.37695958 1
482.00000000 0.43874599 0.43568501 1
483.33333333 0.50622672 0.48949791 1
484.66666667 0.52872625 0.53813877 1
486.00000000 0.57590344 0.58170433 1
487.33333333 0.62043101 0.62049834 1
488.66666667 0.66031419 0.65492793 1
490.00000000 0.68443700 0.68543676 1
491.33333333 0.69429308 0.71246478 1
492.66666667 0.73965326 0.73642599 1
494.00000000 0.74574341 0.75769775 1
495.33333333 0.79161483 0.77661715 1
496.66666667 0.75478140 0.79348133 1
498.00000000 0.78119953 0.80855010 1
499.33333333 0.82389177 0.82204942 1
500.66666667 0.79544278 0.83417527 1
502.00000000 0.83613971 0.84509748 1
503.33333333 0.85088583 0.85496325 1
504.66666667 0.86866527 0.86390037 1
506.00000000 0.89337574 0.87202012 1
507.33333333 0.86466673 0.87941978 1
508.66666667 0.88800732 0.88618496 1
510.00000000 0.85604198 0.89239165 1
511.33333333 0.90066020 0.89810825 1
512.66666667 0.89044757 0.90339760 1
514.00000000 0.90465459 0.90831939 1
515.33333333 0.90337123 0.91293327 1
516.66666667 0.94062723 0.91730376 1
518.00000000 0.92429628 0.92150895 1
519.33333333 0.92747135 0.92565850 1
520.66666667 0.91689831 0.92993639 1
522.00000000 0.93071543 0.93472166 1
523.10000000 0.95883778 0.93971133 1
523.13333333 0.93471470 0.93989000 1
523.16666667 0.93266248 0.94007088 1
523.20000000 0.95333650 0.94025405 1
523.23333333 0.97019896 0.94043958 1
523.26666667 0.93230793 0.94062753 1
523.30000000 0.94623387 0.94081797 1
523.33333333 0.96666779 0.94101100 1
523.36666667 0.93300565 0.94120668 1
523.40000000 0.95488139 0.94140510 1
523.43333333 0.90217211 0.94160635 1
523.46666667 0.96029120 0.94181050 1
523.50000000 0.94226684 0.94201764 1
523.53333333 0.95144570 0.94222788 1
523.56666667 0.95033999 0.94244129 1
523.60000000 0.96631723 0.94265798 1
523.63333333 0.93965700 0.94287804 1
523.66666667 0.96802705 0.94310158 1
523.70000000 0.91587928 0.94332869 1
523.73333333 0.95706681 0.94355948 1
523.76666667 0.96078349 0.94379405 1
523.80000000 0.98003360 0.94403251 1
523.83333333 0.93655158 0.94427496 1
523.86666667 0.94147904 0.94452150 1
523.90000000 0.96792799 0.94477223 1
523.93333333 0.95366156 0.94502726 1
523.96666667 0.94125748 0.94528669 1
524.00000000 0.92909030 0.94555059 1
524.03333333 0.91225750 0.94581907 1
524.06666667 0.93067825 0.94609219 1
524.10000000 0.97292366 0.94637001 1
524.13333333 0.93870251 0.94665259 1
524.16666667 0.97043467 0.94693996 1
524.20000000 0.96107909 0.94723211 1
524.23333333 0.93386230 0.94752904 1
524.26666667 0.95792458 0.94783067 1
524.30000000 0.94868356 0.94813691 1
524.33333333 0.95484111 0.94844760 1
524.36666667 0.95312946 0.94876251 1
524.40000000 0.97325669 0.94908134 1
524.43333333 0.96096240 0.94940368 1
524.46666667 0.94390663 0.94972900 1
524.50000000 0.92342818 0.95005662 1
524.53333333 0.91744429 0.95038566 1
524.56666667 0.93617816 0.95071502 1
524.60000000 0.93118448 0.95104333 1
524.63333333 0.95521708 0.95136885 1
524.66666667 0.94373710 0.95168939 1
524.70000000 0.95569073 0.95200224 1
524.73333333 0.93738631 0.95230399 1
524.76666667 0.97011208 0.95259037 1
524.80000000 0.97702107 0.95285604 1
524.83333333 0.94204187 0.95309426 1
524.86666667 0.98929358 0.95329652 1
524.90000000 0.93418819 0.95345206 1
524.93333333 0.96820730 0.95354716 1
524.96666667 0.94309931 0.95356428 1
525.00000000 0.95213481 0.95348082 1
525.03333333 0.98991728 0.95326749 1
525.06666667 0.93823431 0.95288601 1
525.10000000 0.97969482 0.95228596 1
525.13333333 0.99648790 0.95140024 1
525.16666667 0.96127345 0.95013869 1
525.20000000 0.98450602 0.94837867 1
525.23333333 0.94812610 0.94595134 1
525.26666667 0.92991832 0.94262093 1
525.30000000 0.95138445 0.93805325 1
525.33333333 0.93207360 0.93176705 1
525.36666667 0.94522697 0.92305742 1
525.40000000 0.94040163 0.91087436 1
525.43333333 0.90537089 0.89362928 1
525.46666667 0.83062494 0.86889141 1
525.50000000 0.85923196 0.83293826 1
525.53333333 0.81529562 0.78020325 1
525.56666667 0.70217836 0.70303674 1
525.60000000 0.63280094 0.59343175 1
525.63333333 0.41854475 0.45090688 1
525.66666667 0.30138740 0.29980932 1
525.70000000 0.19061782 0.19721506 1
525.73333333 0.21172238 0.19009066 1
525.76666667 0.27626247 0.26331802 1
525.80000000 0.34799423 0.36708698 1
525.83333333 0.44585493 0.46633147 1
525.86666667 0.54205347 0.54870556 1
525.90000000 0.60173192 0.61360902 1
525.93333333 0.68840877 0.66406174 1
525.96666667 0.70147738 0.70341779 1
526.00000000 0.72669073 0.73444676 1
526.03333333 0.76105953 0.75923798 1
526.06666667 0.80245975 0.77932101 1
526.10000000 0.79035595 0.79580907 1
526.13333333 0.81977812 0.80951633 1
526.16666667 0.82094098 0.82104408 1
526.20000000 0.82570055 0.83084168 1
526.23333333 0.88850344 0.83924921 1
526.26666667 0.83419517 0.84652727 1
526.30000000 0.85031603 0.85287798 1
526.33333333 0.85167624 0.85845988 1
526.36666667 0.86438040 0.86339875 1
526.40000000 0.85940533 0.86779530 1
526.43333333 0.85789658 0.87173102 1
526.46666667 0.90613747 0.87527236 1
526.50000000 0.88747856 0.87847400 1
526.53333333 0.89891580 0.88138125 1
526.56666667 0.89304939 0.88403197 1
526.60000000 0.89089007 0.88645795 1
526.63333333 0.87196903 0.88868608 1
526.66666667 0.86125785 0.89073925 1
526.70000000 0.87091793 0.89263703 1
526.73333333 0.88799619 0.89439624 1
526.76666667 0.86843945 0.89603144 1
526.80000000 0.86135242 0.89755524 1
526.83333333 0.86348363 0.89897865 1
526.86666667 0.91084079 0.90031130 1
526.90000000 0.00000000 0.90156164 0
526.93333333 0.90132199 0.90273715 1
526.96666667 0.89288709 0.90384443 1
527.00000000 0.88155622 0.90488935 1
527.03333333 0.92268782 0.90587712 1
527.06666667 0.92509620 0.90681242 1
527.10000000 0.88691136 0.90769942 1
527.13333333 0.88188345 0.90854189 1
527.16666667 0.89296392 0.90934319 1
527.20000000 0.92518319 0.91010639 1
527.23333333 0.88105309 0.91083425 1
527.26666667 0.88111647 0.91152928 1
527.30000000 0.94352822 0.91219375 1
527.33333333 0.90149985 0.91282973 1
527.36666667 0.91505316 0.91343913 1
527.40000000 0.90179976 0.91402367 1
527.43333333 0.92936016 0.91458493 1
527.46666667 0.94301025 0.91512438 1
527.50000000 0.92930358 0.91564336 1
527.53333333 0.92189542 0.91614308 1
527.56666667 0.92574474 0.91662470 1
527.60000000 0.89599633 0.91708925 1
527.63333333 0.90907304 0.91753771 1
527.66666667 0.93634158 0.91797098 1
527.70000000 0.91388883 0.91838989 1
527.73333333 0.91155756 0.91879522 1
527.76666667 0.87656110 0.91918768 1
527.80000000 0.91684082 0.91956794 1
527.83333333 0.91618798 0.91993663 1
527.86666667 0.92243068 0.92029434 1
527.90000000 0.95507425 0.92064160 1
527.93333333 0.92006670 0.92097893 1
527.96666667 0.92419165 0.92130680 1
528.00000000 0.91871023 0.92162566 1
528.03333333 0.91507716 0.92193593 1
528.06666667 0.89425513 0.92223801 1
528.10000000 0.91424693 0.92253226 1
528.66666667 0.95553341 0.92660950 1
530.00000000 0.95598405 0.93253953 1
531.33333333 0.95489162 0.93634282 1
532.66666667 0.93566961 0.93922607 1
534.00000000 0.91567890 0.94160139 1
535.33333333 0.96758417 0.94365015 1
536.66666667 0.93305421 0.94546630 1
538.00000000 0.95914841 0.94710458 1
539.33333333 0.95728745 0.94859982 1
540.66666667 0.94895531 0.94997581 1
542.00000000 0.93898286 0.95124972 1
543.33333333 0.95747070 0.95243455 1
544.66666667 0.96470658 0.95354047 1
546.00000000 0.96732188 0.95457570 1
547.33333333 0.97638441 0.95554706 1
548.66666667 0.94708911 0.95646029 1
550.00000000 0.96851444 0.95732030 1
551.33333333 0.96217778 0.95813138 1
552.66666667 0.95921127 0.95889730 1
554.00000000 0.95411846 0.95962137 1
555.33333333 0.95130822 0.96030658 1
556.66666667 0.96574059 0.96095560 1
558.00000000 0.92749916 0.96157085 1
559.33333333 0.96993837 0.96215451 1
560.66666667 0.96050299 0.96270859 1
562.00000000 0.93322414 0.96323492 1
563.33333333 0.97232841 0.96373517 1
564.66666667 0.87592117 0.96421088 1
566.00000000 0.97287799 0.96466348 1
567.33333333 0.97702984 0.96509429 1
568.66666667 0.98979541 0.96550452 1
570.00000000 0.96248243 0.96589530 1
